sku,name,warehouse,stock,reorder,cost
SHOE-57024,Slim Fit Jeans - 32x32,Delhi Distribution,4731,286,$50.99
SKU-AP-95802,Sweater - Large (L),Regional Depot North,6243,713,$24.93
SHOE-35153,Beanie Hat - 32x32,Regional Depot North,4296,323,$19.59
SHOE-28569,Hoodie - 32x32,Surat Central Warehouse,5345,207,$34.84
SKU-AP-14296,Sweater - US 9,Mumbai Hub,7499,674,$28.25
SHOE-27465,Sweater - Extra Large (XL),Regional Depot North,5514,120,$130.89
TSHIRT-59486,Athletic Shorts - US 11,South Fulfillment Center,3995,266,$137.63
SKU-AP-87537,Slim Fit Jeans - One Size,South Fulfillment Center,3371,499,$94.37
PANTS-23157,Puffer Jacket - US 9,Delhi Distribution,3698,598,$102.69
SHOE-15340,Cotton T-Shirt - Extra Large (XL),Mumbai Hub,2158,123,$64.00
PANTS-17912,Polo Shirt - Extra Large (XL),South Fulfillment Center,2533,113,$54.25
JCKT-8865,Slim Fit Jeans - Large (L),Surat Central Warehouse,1479,975,$16.45
SKU-AP-54011,Polo Shirt - Small (S),Regional Depot North,4915,412,$45.13
JCKT-63915,Cotton T-Shirt - 32x32,Mumbai Hub,9942,256,$56.50
PANTS-14038,Polo Shirt - Small (S),South Fulfillment Center,1199,820,$95.34
PANTS-43680,Puffer Jacket - Medium (M),South Fulfillment Center,4719,737,$81.56
SKU-AP-10538,Cotton T-Shirt - 34x32,Surat Central Warehouse,7707,705,$14.70
TSHIRT-27937,Slim Fit Jeans - 32x32,South Fulfillment Center,6306,972,$91.80
PANTS-63426,Beanie Hat - 34x32,South Fulfillment Center,2489,898,$27.95
JCKT-78095,Sweater - Small (S),Delhi Distribution,2862,103,$82.70
SHOE-90191,Cotton T-Shirt - Extra Large (XL),South Fulfillment Center,6605,197,$108.49
JCKT-79572,Athletic Shorts - 34x32,Delhi Distribution,1126,558,$110.42
JCKT-27885,Athletic Shorts - Extra Large (XL),Mumbai Hub,4778,866,$38.49
SHOE-7534,Polo Shirt - US 11,Regional Depot North,4076,166,$10.00
SHOE-25162,Polo Shirt - US 11,Surat Central Warehouse,4900,443,$45.76
SHOE-22456,Cotton T-Shirt - 34x32,South Fulfillment Center,9327,591,$92.45
PANTS-88148,Hoodie - US 11,Regional Depot North,2874,866,$32.29
PANTS-61020,Sweater - One Size,Surat Central Warehouse,5646,223,$50.87
PANTS-78877,Sweater - US 9,Delhi Distribution,1479,707,$91.51
SHOE-17830,Slim Fit Jeans - Small (S),Mumbai Hub,9819,96,$95.51
TSHIRT-71378,Sweater - US 9,Delhi Distribution,8296,716,$10.88
TSHIRT-84635,Puffer Jacket - 34x32,Delhi Distribution,412,460,$133.09
TSHIRT-58521,Cotton T-Shirt - Extra Large (XL),Mumbai Hub,1087,234,$121.01
SKU-AP-68231,Slim Fit Jeans - US 9,Regional Depot North,4063,711,$7.26
TSHIRT-28034,Sweater - US 10,Surat Central Warehouse,4744,324,$29.63
PANTS-69453,Slim Fit Jeans - Large (L),Delhi Distribution,9664,834,$87.74
SHOE-48804,Puffer Jacket - Extra Large (XL),South Fulfillment Center,9074,344,$77.92
SKU-AP-60286,Puffer Jacket - Medium (M),South Fulfillment Center,1247,143,$122.56
PANTS-29420,Beanie Hat - 32x32,Surat Central Warehouse,3876,214,$41.08
PANTS-28264,Beanie Hat - US 9,South Fulfillment Center,7128,624,$44.61
JCKT-50239,Hoodie - Extra Large (XL),South Fulfillment Center,8609,175,$39.18
SKU-AP-51952,Socks - 34x32,Mumbai Hub,5307,410,$124.97
SHOE-25076,Running Sneakers - Medium (M),Mumbai Hub,2123,428,$127.61
SKU-AP-29368,Polo Shirt - 34x32,Surat Central Warehouse,7931,774,$81.62
TSHIRT-13500,Beanie Hat - One Size,Mumbai Hub,6898,403,$3.48
SHOE-81391,Beanie Hat - 34x32,Delhi Distribution,4277,778,$120.65
SHOE-58448,Beanie Hat - Extra Large (XL),Regional Depot North,3874,880,$72.45
TSHIRT-69399,Beanie Hat - One Size,Surat Central Warehouse,856,933,$94.93
PANTS-49929,Beanie Hat - Small (S),Delhi Distribution,4320,211,$35.47
SKU-AP-92876,Hoodie - 34x32,South Fulfillment Center,1989,946,$94.00
SKU-AP-42485,Running Sneakers - 34x32,Mumbai Hub,5222,430,$98.47
JCKT-6448,Running Sneakers - Medium (M),Regional Depot North,5289,898,$76.45
SHOE-64852,Slim Fit Jeans - US 11,Regional Depot North,8858,862,$116.79
JCKT-74241,Slim Fit Jeans - US 10,Mumbai Hub,7329,150,$28.92
SKU-AP-21416,Slim Fit Jeans - 34x32,Regional Depot North,797,918,$5.92
JCKT-9700,Beanie Hat - US 10,Surat Central Warehouse,212,316,$77.99
TSHIRT-41823,Socks - US 9,South Fulfillment Center,2249,501,$112.11
PANTS-74436,Cotton T-Shirt - US 10,Mumbai Hub,5214,472,$72.40
SKU-AP-68106,Beanie Hat - US 10,Mumbai Hub,2491,481,$112.07
PANTS-34554,Polo Shirt - Extra Large (XL),South Fulfillment Center,778,700,$24.17
SKU-AP-58056,Athletic Shorts - Small (S),Delhi Distribution,7606,907,$3.97
PANTS-24504,Puffer Jacket - Extra Large (XL),Mumbai Hub,5422,552,$54.44
TSHIRT-4590,Socks - 34x32,South Fulfillment Center,6803,820,$114.05
TSHIRT-70305,Puffer Jacket - One Size,Regional Depot North,6355,316,$80.00
TSHIRT-81187,Hoodie - Extra Large (XL),Delhi Distribution,7210,694,$69.15
TSHIRT-47822,Cotton T-Shirt - Medium (M),Delhi Distribution,9777,556,$71.07
PANTS-91647,Athletic Shorts - 34x32,Regional Depot North,3565,213,$92.02
SHOE-29253,Hoodie - 34x32,Delhi Distribution,4789,84,$126.84
PANTS-87918,Running Sneakers - Large (L),Delhi Distribution,3854,979,$27.33
SHOE-63086,Sweater - Medium (M),Delhi Distribution,9861,171,$139.80
SHOE-53422,Polo Shirt - Small (S),Regional Depot North,2570,973,$100.73
JCKT-26600,Socks - US 10,Delhi Distribution,5560,609,$29.93
SKU-AP-86540,Slim Fit Jeans - 32x32,South Fulfillment Center,4655,257,$125.77
JCKT-76995,Running Sneakers - Large (L),Surat Central Warehouse,6927,206,$52.80
JCKT-45847,Sweater - Medium (M),South Fulfillment Center,8265,566,$97.50
TSHIRT-1973,Beanie Hat - Large (L),South Fulfillment Center,3735,121,$18.88
JCKT-48991,Running Sneakers - US 11,Delhi Distribution,8464,177,$118.59
PANTS-8094,Athletic Shorts - Medium (M),South Fulfillment Center,9536,425,$53.33
PANTS-66450,Puffer Jacket - Medium (M),Mumbai Hub,9300,395,$74.76
JCKT-92476,Socks - US 11,Mumbai Hub,9614,794,$53.91
PANTS-6152,Polo Shirt - US 10,Delhi Distribution,6659,285,$119.47
JCKT-65401,Slim Fit Jeans - Medium (M),South Fulfillment Center,1084,908,$122.42
TSHIRT-96097,Running Sneakers - Medium (M),Delhi Distribution,6962,887,$72.97
SKU-AP-78015,Polo Shirt - US 11,Mumbai Hub,8171,412,$134.27
TSHIRT-54816,Athletic Shorts - One Size,Mumbai Hub,8563,535,$56.66
PANTS-2479,Puffer Jacket - Extra Large (XL),South Fulfillment Center,7546,438,$145.32
PANTS-75273,Hoodie - US 11,Regional Depot North,3818,506,$133.96
PANTS-68485,Puffer Jacket - Large (L),Delhi Distribution,6891,644,$2.70
PANTS-29124,Athletic Shorts - Medium (M),Regional Depot North,5696,403,$115.99
TSHIRT-18635,Socks - One Size,Delhi Distribution,5983,154,$67.10
JCKT-76151,Sweater - Extra Large (XL),Delhi Distribution,3125,688,$23.50
TSHIRT-13098,Puffer Jacket - 34x32,Surat Central Warehouse,9069,492,$17.63
PANTS-36142,Beanie Hat - 34x32,Regional Depot North,6048,393,$27.21
JCKT-40166,Cotton T-Shirt - Medium (M),Delhi Distribution,9198,771,$38.18
PANTS-46090,Socks - One Size,Regional Depot North,8969,859,$7.04
PANTS-57847,Slim Fit Jeans - 32x32,Delhi Distribution,1703,581,$39.36
TSHIRT-90636,Cotton T-Shirt - 34x32,Mumbai Hub,8611,211,$142.76
SKU-AP-78214,Socks - 34x32,Mumbai Hub,9683,96,$43.86
JCKT-34248,Slim Fit Jeans - US 11,Surat Central Warehouse,7337,503,$42.90
SHOE-29878,Athletic Shorts - US 9,Surat Central Warehouse,7579,642,$86.77
PANTS-74920,Sweater - Extra Large (XL),Delhi Distribution,6552,726,$54.86
JCKT-57279,Sweater - US 11,Surat Central Warehouse,5564,915,$87.17
SHOE-18102,Slim Fit Jeans - Large (L),South Fulfillment Center,1816,462,$79.49
SKU-AP-57396,Sweater - US 9,South Fulfillment Center,4246,56,$149.54
SHOE-89208,Polo Shirt - 34x32,Delhi Distribution,8813,605,$90.97
SHOE-31287,Puffer Jacket - One Size,Regional Depot North,5077,178,$71.35
JCKT-80786,Sweater - Large (L),Surat Central Warehouse,5099,985,$132.40
TSHIRT-75236,Athletic Shorts - 34x32,Surat Central Warehouse,697,777,$74.73
SHOE-93909,Polo Shirt - US 9,South Fulfillment Center,4509,57,$134.85
PANTS-84196,Cotton T-Shirt - Medium (M),South Fulfillment Center,5645,946,$110.34
SHOE-56267,Puffer Jacket - Extra Large (XL),Mumbai Hub,6669,716,$148.86
SHOE-19294,Puffer Jacket - 34x32,Delhi Distribution,2655,241,$20.21
SKU-AP-30326,Sweater - US 11,Mumbai Hub,8892,416,$11.26
TSHIRT-30496,Polo Shirt - US 9,South Fulfillment Center,6240,383,$6.20
JCKT-49173,Socks - Medium (M),Mumbai Hub,1821,182,$3.02
SHOE-97485,Slim Fit Jeans - 34x32,Regional Depot North,2480,560,$108.50
SKU-AP-65454,Running Sneakers - Small (S),Regional Depot North,6687,72,$41.40
SHOE-54521,Socks - Extra Large (XL),Mumbai Hub,1495,347,$83.43
TSHIRT-66209,Polo Shirt - Large (L),Surat Central Warehouse,2105,531,$55.16
SHOE-46297,Sweater - Extra Large (XL),Mumbai Hub,1429,278,$76.31
PANTS-87997,Hoodie - 34x32,Regional Depot North,1979,727,$144.76
TSHIRT-75480,Puffer Jacket - US 10,Surat Central Warehouse,2709,536,$4.04
PANTS-33301,Hoodie - US 10,Regional Depot North,2180,800,$69.12
SHOE-98435,Hoodie - US 11,Delhi Distribution,5948,990,$28.02
JCKT-89233,Slim Fit Jeans - US 11,Surat Central Warehouse,5377,552,$131.79
SHOE-98885,Beanie Hat - Large (L),Delhi Distribution,2403,653,$127.21
PANTS-92970,Athletic Shorts - Small (S),Mumbai Hub,9546,390,$25.19
TSHIRT-82948,Slim Fit Jeans - 34x32,Mumbai Hub,315,85,$45.61
JCKT-97207,Running Sneakers - One Size,South Fulfillment Center,3004,369,$30.55
JCKT-94956,Athletic Shorts - Large (L),Surat Central Warehouse,7762,830,$100.58
SHOE-51802,Sweater - Extra Large (XL),South Fulfillment Center,122,568,$142.97
SHOE-24404,Running Sneakers - 32x32,Surat Central Warehouse,6133,951,$97.65
SHOE-7640,Hoodie - US 9,Regional Depot North,5732,683,$106.42
SKU-AP-43061,Beanie Hat - US 10,Mumbai Hub,4340,464,$70.95
SKU-AP-33723,Athletic Shorts - Medium (M),Mumbai Hub,1304,99,$14.78
SKU-AP-60965,Cotton T-Shirt - 32x32,Delhi Distribution,1041,84,$111.99
PANTS-56259,Puffer Jacket - Extra Large (XL),Regional Depot North,8685,863,$13.25
PANTS-80187,Slim Fit Jeans - Small (S),Mumbai Hub,3322,658,$65.67
SHOE-41628,Socks - US 11,Mumbai Hub,368,269,$85.20
TSHIRT-90893,Cotton T-Shirt - 34x32,South Fulfillment Center,1621,666,$119.65
JCKT-94151,Slim Fit Jeans - One Size,South Fulfillment Center,407,142,$65.72
JCKT-26742,Running Sneakers - US 9,Mumbai Hub,5007,72,$39.92
SKU-AP-33448,Hoodie - US 11,Delhi Distribution,5216,162,$23.97
SKU-AP-43230,Hoodie - 32x32,Regional Depot North,4177,233,$118.28
JCKT-60713,Beanie Hat - Small (S),South Fulfillment Center,7908,667,$5.10
SKU-AP-69547,Puffer Jacket - Medium (M),Surat Central Warehouse,3075,156,$15.64
TSHIRT-64154,Socks - US 9,Mumbai Hub,3996,912,$12.82
SKU-AP-34310,Socks - Medium (M),Surat Central Warehouse,9695,353,$30.28
PANTS-52810,Socks - Medium (M),Regional Depot North,8883,468,$83.53
SKU-AP-47485,Cotton T-Shirt - US 10,Surat Central Warehouse,622,741,$52.46
JCKT-80619,Sweater - Extra Large (XL),Surat Central Warehouse,9372,136,$45.21
SKU-AP-27071,Puffer Jacket - US 9,Mumbai Hub,879,664,$119.26
SKU-AP-71527,Slim Fit Jeans - US 11,Delhi Distribution,8469,891,$19.32
SHOE-39416,Slim Fit Jeans - Extra Large (XL),Surat Central Warehouse,5082,951,$140.81
SKU-AP-73441,Slim Fit Jeans - One Size,Regional Depot North,1472,962,$112.85
JCKT-22613,Socks - One Size,Surat Central Warehouse,4467,220,$39.79
PANTS-62087,Running Sneakers - 32x32,Regional Depot North,306,639,$123.54
TSHIRT-45699,Cotton T-Shirt - US 9,South Fulfillment Center,8562,648,$147.75
PANTS-39361,Slim Fit Jeans - US 9,Regional Depot North,1176,142,$99.64
PANTS-22537,Polo Shirt - One Size,Mumbai Hub,6204,264,$128.16
SHOE-71738,Sweater - US 10,Mumbai Hub,5462,80,$81.42
PANTS-43676,Cotton T-Shirt - Medium (M),Mumbai Hub,216,778,$32.98
PANTS-54378,Cotton T-Shirt - US 11,Mumbai Hub,3220,153,$86.89
SKU-AP-36290,Polo Shirt - US 10,Regional Depot North,8110,676,$7.67
PANTS-87569,Running Sneakers - Medium (M),Mumbai Hub,8316,349,$41.85
SKU-AP-32937,Puffer Jacket - US 11,South Fulfillment Center,8910,521,$27.71
PANTS-86462,Sweater - Extra Large (XL),Delhi Distribution,7044,608,$46.75
JCKT-6390,Sweater - US 11,Mumbai Hub,746,656,$55.96
SKU-AP-27123,Hoodie - 32x32,Mumbai Hub,8590,798,$112.51
PANTS-17144,Puffer Jacket - 34x32,Mumbai Hub,4752,957,$69.00
JCKT-7591,Beanie Hat - US 10,Delhi Distribution,1556,256,$53.89
SKU-AP-71975,Running Sneakers - Large (L),South Fulfillment Center,8190,933,$57.06
SKU-AP-47346,Sweater - US 10,Regional Depot North,9423,467,$117.88
JCKT-71548,Slim Fit Jeans - Large (L),Surat Central Warehouse,9419,456,$148.95
SHOE-72264,Sweater - Medium (M),South Fulfillment Center,3006,568,$128.88
JCKT-92747,Polo Shirt - Medium (M),Delhi Distribution,5661,317,$109.11
TSHIRT-43852,Hoodie - US 9,Mumbai Hub,5624,736,$47.10
SKU-AP-96154,Puffer Jacket - 32x32,Delhi Distribution,8571,75,$43.04
PANTS-46206,Polo Shirt - US 9,Delhi Distribution,8707,410,$122.92
TSHIRT-21071,Puffer Jacket - Small (S),Surat Central Warehouse,965,147,$133.60
JCKT-48237,Cotton T-Shirt - US 11,Surat Central Warehouse,4682,827,$95.25
TSHIRT-58207,Athletic Shorts - US 10,Mumbai Hub,3293,183,$136.26
PANTS-13200,Puffer Jacket - US 11,Mumbai Hub,8892,315,$34.52
TSHIRT-66768,Hoodie - Small (S),Mumbai Hub,5225,929,$31.02
SHOE-42125,Cotton T-Shirt - 32x32,Delhi Distribution,5969,271,$9.51
JCKT-92682,Puffer Jacket - US 9,South Fulfillment Center,5505,284,$20.85
SKU-AP-67773,Hoodie - Extra Large (XL),Mumbai Hub,1447,85,$56.94
SHOE-6770,Polo Shirt - 32x32,Delhi Distribution,857,726,$127.97
SHOE-31698,Athletic Shorts - Extra Large (XL),Delhi Distribution,9629,269,$87.47
JCKT-71974,Polo Shirt - US 10,Surat Central Warehouse,4916,753,$121.73
PANTS-70834,Hoodie - Extra Large (XL),Surat Central Warehouse,579,827,$99.17
TSHIRT-6494,Puffer Jacket - US 9,Regional Depot North,1388,343,$132.78
PANTS-23629,Puffer Jacket - Small (S),Surat Central Warehouse,1192,489,$147.93
SKU-AP-56214,Athletic Shorts - Extra Large (XL),Surat Central Warehouse,8141,960,$16.00
SKU-AP-17143,Polo Shirt - US 10,Delhi Distribution,367,866,$86.47
TSHIRT-66799,Puffer Jacket - Medium (M),Surat Central Warehouse,2098,575,$97.91
SHOE-97128,Polo Shirt - One Size,Delhi Distribution,3650,706,$101.91
SHOE-81238,Socks - Small (S),South Fulfillment Center,6329,712,$140.39
SHOE-29513,Athletic Shorts - 34x32,Mumbai Hub,8525,960,$4.34
TSHIRT-60037,Slim Fit Jeans - Large (L),South Fulfillment Center,6223,487,$14.78
SKU-AP-81634,Beanie Hat - US 9,South Fulfillment Center,6566,493,$72.10
TSHIRT-14325,Polo Shirt - 32x32,Delhi Distribution,2038,866,$112.82
TSHIRT-46865,Puffer Jacket - 32x32,Surat Central Warehouse,4887,753,$60.44
JCKT-42588,Sweater - US 9,Regional Depot North,7010,340,$145.41
TSHIRT-95256,Athletic Shorts - Extra Large (XL),Regional Depot North,7358,927,$119.11
PANTS-42268,Running Sneakers - One Size,Regional Depot North,7386,491,$137.90
TSHIRT-80582,Running Sneakers - US 11,Regional Depot North,9066,760,$143.45
SHOE-23062,Sweater - US 9,Regional Depot North,6206,174,$22.65
JCKT-12367,Socks - US 10,South Fulfillment Center,8632,915,$137.82
SHOE-99280,Socks - 34x32,Delhi Distribution,33,466,$17.34
PANTS-20129,Athletic Shorts - US 10,Delhi Distribution,3628,193,$85.22
TSHIRT-83668,Slim Fit Jeans - US 9,Delhi Distribution,7893,266,$99.61
SHOE-31542,Running Sneakers - Medium (M),Regional Depot North,2411,952,$63.86
SKU-AP-96361,Socks - Large (L),Regional Depot North,2124,651,$92.10
PANTS-84710,Running Sneakers - Small (S),Delhi Distribution,3593,492,$102.03
PANTS-71891,Socks - Small (S),Surat Central Warehouse,2542,805,$123.22
SKU-AP-63717,Sweater - Extra Large (XL),Delhi Distribution,3990,717,$137.10
JCKT-32371,Socks - US 11,Regional Depot North,8049,863,$60.99
SHOE-9054,Cotton T-Shirt - US 10,Delhi Distribution,7831,152,$27.37
JCKT-66807,Puffer Jacket - One Size,Delhi Distribution,5768,382,$17.11
SHOE-32490,Cotton T-Shirt - One Size,South Fulfillment Center,3006,897,$64.91
TSHIRT-94557,Beanie Hat - US 9,Regional Depot North,2538,919,$112.74
PANTS-50585,Running Sneakers - US 10,Regional Depot North,6502,273,$111.33
PANTS-53247,Puffer Jacket - US 9,Delhi Distribution,8189,302,$121.10
SHOE-35445,Sweater - Small (S),Surat Central Warehouse,5778,174,$4.32
TSHIRT-17552,Beanie Hat - 32x32,Regional Depot North,8281,873,$104.77
PANTS-98601,Hoodie - Medium (M),Regional Depot North,9587,184,$16.95
SKU-AP-34487,Polo Shirt - One Size,Regional Depot North,1767,534,$61.31
PANTS-37351,Cotton T-Shirt - One Size,Delhi Distribution,1615,275,$9.11
PANTS-30505,Polo Shirt - Extra Large (XL),Delhi Distribution,7249,939,$52.19
PANTS-69477,Slim Fit Jeans - Small (S),Surat Central Warehouse,7215,395,$133.17
SHOE-30827,Beanie Hat - 32x32,South Fulfillment Center,232,1000,$70.06
TSHIRT-65286,Running Sneakers - US 10,Surat Central Warehouse,6795,823,$74.73
SHOE-94133,Sweater - US 11,Delhi Distribution,3103,846,$72.29
JCKT-14391,Running Sneakers - One Size,Regional Depot North,4237,814,$64.96
PANTS-75771,Beanie Hat - Extra Large (XL),Delhi Distribution,4332,565,$12.64
SHOE-72390,Running Sneakers - Large (L),Regional Depot North,2522,931,$85.58
SHOE-75496,Athletic Shorts - US 9,South Fulfillment Center,1406,872,$31.38
SHOE-23756,Athletic Shorts - 32x32,Mumbai Hub,1589,588,$42.25
TSHIRT-63894,Cotton T-Shirt - 32x32,Mumbai Hub,9659,765,$133.68
TSHIRT-72365,Beanie Hat - Small (S),Delhi Distribution,5509,246,$136.15
SKU-AP-55734,Puffer Jacket - 32x32,Regional Depot North,6477,643,$145.81
SKU-AP-66044,Athletic Shorts - Small (S),Surat Central Warehouse,7863,278,$128.63
SKU-AP-49141,Polo Shirt - Extra Large (XL),Surat Central Warehouse,5420,496,$91.98
SKU-AP-31049,Sweater - Extra Large (XL),Regional Depot North,1345,920,$47.11
JCKT-54710,Socks - Extra Large (XL),Regional Depot North,5802,536,$147.60
SHOE-62466,Beanie Hat - US 9,Regional Depot North,6,841,$136.34
SHOE-8350,Beanie Hat - 32x32,Surat Central Warehouse,1724,988,$44.37
JCKT-28170,Beanie Hat - US 11,Mumbai Hub,8090,223,$34.51
JCKT-65903,Hoodie - US 11,Delhi Distribution,9770,815,$131.30
PANTS-44313,Athletic Shorts - 32x32,Mumbai Hub,2295,276,$36.40
SHOE-71634,Slim Fit Jeans - US 9,Mumbai Hub,5768,912,$5.64
SHOE-24687,Socks - Small (S),Regional Depot North,4986,792,$2.71
SHOE-11494,Socks - Medium (M),Regional Depot North,6389,750,$106.34
SKU-AP-75562,Running Sneakers - Small (S),South Fulfillment Center,8508,297,$83.72
JCKT-42164,Puffer Jacket - Small (S),Mumbai Hub,155,601,$109.30
PANTS-43898,Sweater - US 11,Regional Depot North,8871,712,$102.06
TSHIRT-78945,Hoodie - Extra Large (XL),South Fulfillment Center,536,782,$49.13
SKU-AP-52347,Sweater - Large (L),Delhi Distribution,7801,809,$81.90
SHOE-94931,Polo Shirt - Medium (M),South Fulfillment Center,5787,578,$45.82
TSHIRT-14653,Running Sneakers - US 10,Surat Central Warehouse,5401,112,$108.22
JCKT-23502,Polo Shirt - Large (L),Delhi Distribution,8747,281,$53.67
JCKT-27671,Athletic Shorts - One Size,South Fulfillment Center,2550,901,$103.06
SHOE-50808,Hoodie - Medium (M),Surat Central Warehouse,7666,306,$54.68
PANTS-97920,Beanie Hat - 32x32,Mumbai Hub,3686,191,$74.70
JCKT-16495,Puffer Jacket - One Size,Delhi Distribution,939,805,$82.44
SKU-AP-67506,Puffer Jacket - One Size,Delhi Distribution,6789,536,$137.43
TSHIRT-9149,Slim Fit Jeans - Extra Large (XL),Surat Central Warehouse,6869,552,$55.98
SHOE-86138,Beanie Hat - US 9,Delhi Distribution,6376,234,$122.10
PANTS-41238,Running Sneakers - Medium (M),Delhi Distribution,6478,414,$117.52
SHOE-66962,Sweater - Small (S),Surat Central Warehouse,4189,443,$54.92
SKU-AP-14731,Sweater - US 11,Surat Central Warehouse,5836,503,$119.13
TSHIRT-82615,Socks - US 9,South Fulfillment Center,6291,345,$92.55
JCKT-93535,Slim Fit Jeans - One Size,Regional Depot North,8472,820,$143.90
SKU-AP-13265,Puffer Jacket - Medium (M),Delhi Distribution,6749,55,$116.68
JCKT-25841,Slim Fit Jeans - Medium (M),Surat Central Warehouse,7777,326,$58.09
JCKT-41423,Running Sneakers - Large (L),South Fulfillment Center,9293,470,$67.96
SHOE-84472,Sweater - US 10,Regional Depot North,6886,145,$76.79
SHOE-65956,Puffer Jacket - Extra Large (XL),Surat Central Warehouse,1606,611,$30.78
PANTS-97529,Polo Shirt - US 9,Delhi Distribution,8401,603,$85.76
SKU-AP-13609,Beanie Hat - 32x32,Delhi Distribution,305,600,$63.77
PANTS-75250,Running Sneakers - 32x32,South Fulfillment Center,6708,641,$130.24
PANTS-19344,Puffer Jacket - Small (S),Delhi Distribution,2484,451,$99.02
SKU-AP-96858,Beanie Hat - Small (S),Surat Central Warehouse,2393,202,$62.07
SKU-AP-47306,Polo Shirt - US 9,Delhi Distribution,3780,136,$88.80
PANTS-82214,Beanie Hat - US 9,Regional Depot North,7847,340,$94.14
SHOE-11607,Polo Shirt - Small (S),Surat Central Warehouse,505,983,$142.08
PANTS-69819,Running Sneakers - Small (S),Delhi Distribution,9668,855,$126.13
SHOE-53951,Sweater - Large (L),Mumbai Hub,4168,223,$69.69
SKU-AP-58376,Hoodie - One Size,Regional Depot North,5679,383,$69.99
JCKT-32016,Slim Fit Jeans - Small (S),South Fulfillment Center,3892,747,$126.61
PANTS-52861,Cotton T-Shirt - 34x32,South Fulfillment Center,6307,312,$114.88
SKU-AP-41326,Hoodie - Small (S),Surat Central Warehouse,6309,258,$90.07
SKU-AP-53779,Running Sneakers - US 11,Mumbai Hub,536,957,$145.99
TSHIRT-55099,Socks - US 11,South Fulfillment Center,315,832,$42.18
TSHIRT-85123,Athletic Shorts - One Size,Regional Depot North,9712,256,$26.27
SKU-AP-92236,Cotton T-Shirt - Medium (M),South Fulfillment Center,1130,874,$80.11
TSHIRT-24223,Hoodie - One Size,Regional Depot North,9356,807,$70.87
SHOE-91940,Athletic Shorts - Medium (M),Delhi Distribution,9313,654,$42.30
SHOE-83271,Hoodie - Large (L),Mumbai Hub,7804,868,$4.65
SHOE-43782,Puffer Jacket - US 10,Mumbai Hub,8346,777,$16.02
JCKT-64460,Socks - US 9,Regional Depot North,9043,569,$66.78
SKU-AP-20669,Beanie Hat - Extra Large (XL),Delhi Distribution,5251,617,$110.35
TSHIRT-52476,Beanie Hat - 32x32,Regional Depot North,3829,459,$30.24
SHOE-67771,Slim Fit Jeans - One Size,Regional Depot North,777,772,$118.45
JCKT-46143,Hoodie - US 10,South Fulfillment Center,2698,662,$125.86
TSHIRT-1840,Running Sneakers - Small (S),Delhi Distribution,7068,117,$52.11
SKU-AP-91720,Polo Shirt - Medium (M),Mumbai Hub,9900,113,$117.45
TSHIRT-17180,Polo Shirt - Large (L),South Fulfillment Center,178,128,$143.70
SKU-AP-69306,Hoodie - One Size,Mumbai Hub,3805,464,$14.97
SHOE-33534,Cotton T-Shirt - 32x32,Regional Depot North,4513,308,$16.06
PANTS-57374,Hoodie - US 10,Surat Central Warehouse,2323,538,$86.86
SKU-AP-65621,Sweater - Medium (M),Regional Depot North,1499,975,$100.36
PANTS-54670,Slim Fit Jeans - One Size,Delhi Distribution,5993,739,$83.84
SHOE-37147,Cotton T-Shirt - US 9,Surat Central Warehouse,6699,200,$126.39
TSHIRT-13097,Polo Shirt - US 9,Regional Depot North,9875,497,$14.32
SHOE-31526,Puffer Jacket - US 11,Delhi Distribution,9489,619,$71.09
SKU-AP-87731,Sweater - One Size,Regional Depot North,7633,568,$22.22
JCKT-19487,Running Sneakers - Large (L),Delhi Distribution,4572,585,$79.19
PANTS-20814,Beanie Hat - 32x32,Regional Depot North,7627,744,$70.66
SKU-AP-94445,Puffer Jacket - US 11,Delhi Distribution,8102,788,$61.07
SKU-AP-20554,Socks - US 11,Mumbai Hub,998,138,$64.88
SHOE-4841,Beanie Hat - 34x32,Delhi Distribution,3821,231,$80.99
SKU-AP-20477,Sweater - US 10,South Fulfillment Center,8076,729,$96.98
JCKT-12642,Cotton T-Shirt - US 10,Regional Depot North,5694,374,$53.69
TSHIRT-46107,Athletic Shorts - 34x32,Regional Depot North,6742,387,$135.13
JCKT-91225,Athletic Shorts - Large (L),Surat Central Warehouse,5976,595,$67.78
PANTS-34721,Polo Shirt - Large (L),Delhi Distribution,6113,754,$74.25
SHOE-89272,Cotton T-Shirt - One Size,Regional Depot North,3577,901,$109.88
TSHIRT-82398,Puffer Jacket - 32x32,Delhi Distribution,2204,458,$37.27
PANTS-69694,Socks - Small (S),South Fulfillment Center,2128,714,$85.66
JCKT-81650,Cotton T-Shirt - 34x32,Regional Depot North,2694,753,$43.26
PANTS-35993,Puffer Jacket - Extra Large (XL),South Fulfillment Center,3706,560,$91.41
TSHIRT-75610,Socks - Medium (M),Surat Central Warehouse,3517,406,$51.56
SHOE-12445,Running Sneakers - Medium (M),Surat Central Warehouse,906,544,$80.26
PANTS-25861,Slim Fit Jeans - US 10,Regional Depot North,1445,469,$89.09
JCKT-38984,Socks - 32x32,Surat Central Warehouse,5909,356,$131.51
TSHIRT-49501,Athletic Shorts - Small (S),Delhi Distribution,7732,968,$98.96
TSHIRT-4572,Polo Shirt - Extra Large (XL),South Fulfillment Center,4715,151,$64.32
TSHIRT-99803,Cotton T-Shirt - 32x32,South Fulfillment Center,7986,962,$90.00
JCKT-96178,Beanie Hat - US 11,Regional Depot North,2754,714,$27.12
TSHIRT-57617,Socks - US 10,Mumbai Hub,3959,675,$34.37
JCKT-24914,Athletic Shorts - Extra Large (XL),South Fulfillment Center,5268,901,$105.81
TSHIRT-95751,Socks - 32x32,Mumbai Hub,4334,666,$37.55
SHOE-71405,Beanie Hat - 34x32,Surat Central Warehouse,6597,895,$76.24
TSHIRT-51893,Hoodie - One Size,South Fulfillment Center,1759,186,$103.63
PANTS-39993,Socks - Medium (M),Delhi Distribution,8765,154,$137.06
JCKT-96177,Running Sneakers - Medium (M),Regional Depot North,8733,437,$78.81
SKU-AP-82070,Cotton T-Shirt - US 11,Regional Depot North,1806,857,$130.18
PANTS-18983,Polo Shirt - 32x32,Regional Depot North,3093,52,$23.81
TSHIRT-27096,Beanie Hat - US 11,Regional Depot North,3310,743,$24.30
JCKT-55686,Running Sneakers - US 11,Regional Depot North,1543,50,$75.39
JCKT-3961,Hoodie - 32x32,Surat Central Warehouse,264,188,$128.32
JCKT-52837,Puffer Jacket - Extra Large (XL),Mumbai Hub,7816,496,$60.54
SKU-AP-69921,Running Sneakers - Large (L),Mumbai Hub,8457,240,$9.65
JCKT-51778,Hoodie - US 9,Delhi Distribution,8627,87,$95.98
TSHIRT-64366,Polo Shirt - US 9,Regional Depot North,2602,166,$91.21
PANTS-96921,Running Sneakers - 34x32,Surat Central Warehouse,4596,58,$97.98
TSHIRT-34571,Running Sneakers - Large (L),Surat Central Warehouse,8646,607,$67.08
PANTS-79552,Puffer Jacket - Medium (M),Mumbai Hub,4052,691,$27.84
JCKT-93223,Sweater - US 9,Delhi Distribution,3777,987,$93.22
SKU-AP-2065,Slim Fit Jeans - US 10,Regional Depot North,6780,786,$11.95
TSHIRT-85560,Running Sneakers - US 11,Regional Depot North,849,504,$55.28
JCKT-60220,Cotton T-Shirt - Medium (M),Mumbai Hub,2970,383,$48.88
SKU-AP-90545,Socks - One Size,Surat Central Warehouse,2780,280,$4.46
JCKT-29639,Puffer Jacket - 34x32,South Fulfillment Center,8493,607,$40.17
SHOE-36876,Slim Fit Jeans - US 11,Surat Central Warehouse,8590,930,$84.84
SKU-AP-37921,Slim Fit Jeans - Large (L),Mumbai Hub,398,481,$147.32
SKU-AP-52176,Slim Fit Jeans - US 10,Surat Central Warehouse,4582,497,$107.01
JCKT-29590,Athletic Shorts - One Size,Delhi Distribution,548,758,$125.84
PANTS-26941,Athletic Shorts - US 10,Mumbai Hub,9261,81,$100.63
SKU-AP-38385,Puffer Jacket - US 11,Mumbai Hub,173,587,$80.42
TSHIRT-22864,Socks - 34x32,Delhi Distribution,193,410,$120.68
PANTS-49814,Cotton T-Shirt - Small (S),Surat Central Warehouse,2360,799,$69.80
SHOE-30592,Polo Shirt - Medium (M),South Fulfillment Center,3475,432,$119.61
TSHIRT-66385,Hoodie - Large (L),Regional Depot North,4160,833,$22.70
JCKT-54512,Cotton T-Shirt - 32x32,Surat Central Warehouse,3524,87,$130.26
JCKT-82765,Slim Fit Jeans - US 11,Regional Depot North,1716,789,$47.54
PANTS-70223,Puffer Jacket - US 10,Surat Central Warehouse,36,915,$138.98
TSHIRT-47339,Polo Shirt - 32x32,South Fulfillment Center,1466,377,$116.24
SHOE-8615,Slim Fit Jeans - Large (L),Mumbai Hub,2926,480,$80.00
SKU-AP-9756,Slim Fit Jeans - Extra Large (XL),Delhi Distribution,6930,57,$117.79
SKU-AP-46293,Polo Shirt - Medium (M),Mumbai Hub,5540,875,$12.02
PANTS-4971,Cotton T-Shirt - 32x32,Regional Depot North,9982,82,$76.77
SKU-AP-87423,Beanie Hat - Medium (M),Surat Central Warehouse,781,430,$144.17
TSHIRT-48677,Socks - US 10,Mumbai Hub,1652,702,$7.02
PANTS-40091,Socks - US 9,Surat Central Warehouse,9051,59,$37.36
SKU-AP-22568,Slim Fit Jeans - US 9,South Fulfillment Center,5887,78,$38.56
SHOE-67650,Athletic Shorts - 34x32,Regional Depot North,6260,858,$53.81
TSHIRT-41693,Puffer Jacket - Small (S),Regional Depot North,305,236,$115.33
SHOE-81813,Hoodie - US 10,Regional Depot North,29,793,$141.43
SKU-AP-29953,Athletic Shorts - 32x32,Delhi Distribution,9806,945,$47.06
TSHIRT-12308,Sweater - Small (S),Delhi Distribution,8235,507,$120.70
JCKT-11114,Puffer Jacket - US 9,Mumbai Hub,3995,285,$105.14
TSHIRT-54004,Socks - 32x32,Delhi Distribution,4767,149,$23.84
TSHIRT-14554,Running Sneakers - 34x32,Delhi Distribution,4095,731,$51.77
PANTS-62803,Athletic Shorts - 32x32,Regional Depot North,5400,600,$74.61
JCKT-8041,Puffer Jacket - Extra Large (XL),South Fulfillment Center,6165,111,$129.41
JCKT-85821,Hoodie - 32x32,Surat Central Warehouse,8943,281,$70.38
SHOE-64971,Polo Shirt - US 10,Delhi Distribution,6436,176,$100.63
TSHIRT-77011,Running Sneakers - Small (S),Regional Depot North,9146,765,$88.30
PANTS-47981,Polo Shirt - 34x32,Regional Depot North,7995,647,$8.19
TSHIRT-52556,Polo Shirt - One Size,South Fulfillment Center,9017,622,$138.49
JCKT-63495,Sweater - Large (L),Mumbai Hub,2323,643,$101.39
JCKT-76235,Beanie Hat - Extra Large (XL),Regional Depot North,4534,714,$58.59
PANTS-9323,Slim Fit Jeans - Small (S),Delhi Distribution,7351,511,$105.07
SKU-AP-2668,Athletic Shorts - US 9,Delhi Distribution,6513,580,$86.66
PANTS-14267,Socks - Extra Large (XL),Mumbai Hub,1224,110,$23.05
PANTS-11440,Sweater - Extra Large (XL),Mumbai Hub,6306,765,$72.91
SHOE-33081,Beanie Hat - Small (S),Regional Depot North,1161,190,$68.06
SKU-AP-24549,Puffer Jacket - 34x32,South Fulfillment Center,8555,186,$54.92
PANTS-69454,Athletic Shorts - 34x32,Delhi Distribution,6494,623,$68.19
SKU-AP-21972,Hoodie - Medium (M),Regional Depot North,1949,874,$2.44
PANTS-71750,Polo Shirt - 34x32,Regional Depot North,3871,214,$113.60
SHOE-23476,Athletic Shorts - US 10,South Fulfillment Center,9410,455,$144.45
JCKT-90857,Socks - Large (L),Surat Central Warehouse,6288,684,$87.97
TSHIRT-16067,Running Sneakers - One Size,Surat Central Warehouse,2145,298,$123.18
SKU-AP-56351,Socks - US 10,Regional Depot North,4750,472,$80.01
SKU-AP-84136,Polo Shirt - US 10,Mumbai Hub,7724,86,$63.09
SKU-AP-72161,Slim Fit Jeans - Extra Large (XL),South Fulfillment Center,5106,838,$128.53
SHOE-59884,Running Sneakers - US 11,Surat Central Warehouse,5352,704,$96.68
PANTS-88360,Socks - 32x32,South Fulfillment Center,1706,287,$93.87
PANTS-21429,Running Sneakers - US 10,Delhi Distribution,6493,410,$100.83
SHOE-85687,Hoodie - Large (L),Delhi Distribution,9242,532,$108.05
SKU-AP-85442,Puffer Jacket - 34x32,South Fulfillment Center,6242,729,$121.34
JCKT-18414,Cotton T-Shirt - Large (L),Delhi Distribution,740,949,$62.44
PANTS-99123,Beanie Hat - Extra Large (XL),Surat Central Warehouse,5817,787,$61.83
PANTS-18543,Running Sneakers - Extra Large (XL),Surat Central Warehouse,8567,409,$44.92
TSHIRT-13780,Running Sneakers - One Size,Regional Depot North,2899,465,$22.80
PANTS-60102,Running Sneakers - One Size,Mumbai Hub,8349,867,$114.14
SKU-AP-92217,Puffer Jacket - 34x32,South Fulfillment Center,795,311,$26.60
SKU-AP-77609,Hoodie - Small (S),South Fulfillment Center,3888,427,$146.93
SHOE-22430,Socks - Small (S),Mumbai Hub,4703,797,$114.74
SKU-AP-41126,Polo Shirt - US 9,Delhi Distribution,5528,830,$21.13
TSHIRT-51147,Polo Shirt - Extra Large (XL),Mumbai Hub,9036,280,$134.56
SKU-AP-58721,Beanie Hat - Small (S),South Fulfillment Center,2417,281,$88.16
TSHIRT-35225,Slim Fit Jeans - US 9,Delhi Distribution,5244,269,$20.87
JCKT-21923,Polo Shirt - US 9,Mumbai Hub,3595,587,$100.61
TSHIRT-32541,Beanie Hat - 32x32,Delhi Distribution,6923,78,$69.34
SHOE-70905,Polo Shirt - US 10,Regional Depot North,5323,283,$109.33
SHOE-30303,Slim Fit Jeans - Large (L),Surat Central Warehouse,1643,117,$68.71
SHOE-11045,Puffer Jacket - Large (L),Regional Depot North,6555,992,$4.03
SHOE-51162,Beanie Hat - Extra Large (XL),Delhi Distribution,2858,396,$61.54
TSHIRT-33740,Sweater - US 9,Delhi Distribution,8235,499,$43.18
PANTS-76334,Socks - One Size,Surat Central Warehouse,4940,463,$130.97
PANTS-26582,Socks - Large (L),Regional Depot North,9922,908,$16.42
SHOE-89089,Socks - Large (L),South Fulfillment Center,2808,411,$36.50
SHOE-28464,Socks - Large (L),Regional Depot North,1156,149,$87.38
SKU-AP-35284,Slim Fit Jeans - 34x32,South Fulfillment Center,4468,184,$30.82
PANTS-49811,Slim Fit Jeans - US 9,Regional Depot North,7780,466,$13.20
SHOE-28223,Athletic Shorts - Medium (M),Regional Depot North,6527,176,$86.59
JCKT-5856,Slim Fit Jeans - One Size,Surat Central Warehouse,5141,469,$2.26
TSHIRT-82067,Socks - One Size,Delhi Distribution,3624,453,$106.12
PANTS-65604,Running Sneakers - US 9,Regional Depot North,7460,422,$14.66
SKU-AP-4576,Hoodie - 32x32,South Fulfillment Center,2659,429,$148.49
PANTS-33743,Beanie Hat - One Size,South Fulfillment Center,5225,68,$9.30
SKU-AP-32399,Cotton T-Shirt - One Size,Mumbai Hub,9303,935,$134.67
PANTS-19944,Sweater - 32x32,Surat Central Warehouse,7361,924,$107.44
JCKT-11472,Sweater - 32x32,Mumbai Hub,6429,489,$115.72
TSHIRT-62817,Running Sneakers - US 10,Mumbai Hub,6540,703,$21.81
TSHIRT-36104,Puffer Jacket - Medium (M),Mumbai Hub,4342,456,$97.23
PANTS-49002,Hoodie - One Size,Regional Depot North,629,618,$121.58
SHOE-35493,Cotton T-Shirt - Medium (M),Surat Central Warehouse,2145,335,$136.65
TSHIRT-5143,Polo Shirt - Large (L),Surat Central Warehouse,780,867,$146.56
SKU-AP-29551,Polo Shirt - US 10,Regional Depot North,7460,849,$12.11
SKU-AP-23685,Running Sneakers - US 11,South Fulfillment Center,6751,280,$4.68
JCKT-70288,Polo Shirt - One Size,Regional Depot North,6919,994,$12.73
JCKT-71657,Sweater - 34x32,Regional Depot North,5905,685,$33.92
SKU-AP-22440,Athletic Shorts - One Size,Surat Central Warehouse,5330,94,$36.69
PANTS-80691,Polo Shirt - Extra Large (XL),Regional Depot North,8085,911,$17.84
PANTS-63393,Puffer Jacket - 32x32,Delhi Distribution,7528,306,$142.56
TSHIRT-36206,Hoodie - Extra Large (XL),South Fulfillment Center,9792,698,$47.43
SHOE-90052,Cotton T-Shirt - One Size,Regional Depot North,7518,52,$43.61
SKU-AP-8365,Slim Fit Jeans - Medium (M),Delhi Distribution,1679,687,$103.28
PANTS-8964,Cotton T-Shirt - Large (L),Regional Depot North,6259,231,$51.14
SHOE-42647,Running Sneakers - 32x32,Regional Depot North,2345,572,$23.27
TSHIRT-83424,Polo Shirt - 32x32,Mumbai Hub,5360,184,$61.76
SKU-AP-94503,Beanie Hat - 32x32,Surat Central Warehouse,6528,56,$89.61
PANTS-45464,Beanie Hat - Extra Large (XL),South Fulfillment Center,6571,305,$136.83
SHOE-41909,Hoodie - Medium (M),Mumbai Hub,8282,835,$15.76
TSHIRT-41980,Puffer Jacket - Medium (M),Mumbai Hub,5113,390,$106.93
SHOE-16364,Polo Shirt - Extra Large (XL),Mumbai Hub,1181,978,$136.82
TSHIRT-51857,Socks - US 9,Mumbai Hub,4965,62,$35.04
JCKT-54225,Hoodie - Small (S),Regional Depot North,5734,905,$91.85
SKU-AP-46433,Puffer Jacket - US 9,Surat Central Warehouse,8209,283,$127.52
SHOE-40491,Puffer Jacket - 34x32,Surat Central Warehouse,868,52,$61.24
JCKT-2581,Beanie Hat - US 9,South Fulfillment Center,7347,689,$57.18
PANTS-64998,Sweater - US 10,South Fulfillment Center,8695,417,$13.68
SHOE-18797,Athletic Shorts - One Size,Surat Central Warehouse,2734,504,$108.76
SHOE-68892,Beanie Hat - US 9,South Fulfillment Center,7691,146,$30.50
JCKT-73244,Beanie Hat - 32x32,Regional Depot North,9221,430,$33.25
SKU-AP-64869,Athletic Shorts - Extra Large (XL),Regional Depot North,6351,380,$49.74
SKU-AP-95320,Beanie Hat - Large (L),Regional Depot North,9155,541,$17.61
SHOE-34079,Slim Fit Jeans - US 11,Delhi Distribution,3906,999,$88.35
SKU-AP-90178,Puffer Jacket - One Size,Regional Depot North,1625,663,$85.51
SKU-AP-49352,Sweater - Medium (M),Mumbai Hub,8074,328,$100.95
TSHIRT-30766,Athletic Shorts - US 10,Regional Depot North,8862,745,$46.67
SHOE-56721,Puffer Jacket - US 11,Surat Central Warehouse,1198,700,$105.26
JCKT-25204,Sweater - US 11,Surat Central Warehouse,4710,769,$89.32
JCKT-23022,Cotton T-Shirt - One Size,Mumbai Hub,8529,500,$37.58
SHOE-68114,Polo Shirt - US 11,Mumbai Hub,5903,897,$141.07
SKU-AP-96091,Sweater - Small (S),Surat Central Warehouse,908,174,$113.35
SKU-AP-71888,Cotton T-Shirt - US 9,Delhi Distribution,3252,518,$149.61
SKU-AP-11569,Polo Shirt - 34x32,Surat Central Warehouse,5979,484,$143.18
JCKT-23283,Running Sneakers - Medium (M),Delhi Distribution,6877,299,$60.26
TSHIRT-93409,Socks - Small (S),South Fulfillment Center,3570,118,$145.91
PANTS-19125,Sweater - US 11,Mumbai Hub,7394,200,$100.37
SKU-AP-28348,Puffer Jacket - US 9,South Fulfillment Center,6220,166,$6.48
JCKT-39576,Puffer Jacket - One Size,Delhi Distribution,3186,747,$126.12
TSHIRT-74584,Cotton T-Shirt - US 9,South Fulfillment Center,5444,501,$55.82
JCKT-36486,Hoodie - 34x32,Surat Central Warehouse,7580,627,$123.27
TSHIRT-80938,Polo Shirt - 32x32,Regional Depot North,3518,88,$121.81
PANTS-38446,Socks - Large (L),Regional Depot North,9263,373,$119.72
SKU-AP-54729,Sweater - Medium (M),South Fulfillment Center,8623,190,$104.03
SKU-AP-95356,Slim Fit Jeans - Large (L),Mumbai Hub,8016,476,$100.41
SHOE-97077,Polo Shirt - Large (L),South Fulfillment Center,775,340,$6.25
SHOE-71701,Socks - 32x32,Surat Central Warehouse,6622,879,$136.24
SKU-AP-33004,Socks - Extra Large (XL),South Fulfillment Center,6006,466,$4.69
TSHIRT-33895,Hoodie - US 10,Delhi Distribution,4339,198,$146.91
PANTS-60525,Slim Fit Jeans - One Size,Delhi Distribution,407,398,$139.05
TSHIRT-6009,Beanie Hat - 32x32,Mumbai Hub,2166,896,$19.29
PANTS-82073,Beanie Hat - US 11,Surat Central Warehouse,2907,863,$100.48
SHOE-10378,Beanie Hat - 32x32,Delhi Distribution,1155,468,$41.55
PANTS-43716,Athletic Shorts - One Size,Delhi Distribution,7886,452,$51.57
TSHIRT-42482,Polo Shirt - 34x32,Surat Central Warehouse,6061,98,$11.56
SKU-AP-2738,Sweater - US 10,Surat Central Warehouse,7172,750,$33.10
SHOE-84553,Beanie Hat - Small (S),Regional Depot North,1636,962,$57.24
PANTS-60387,Running Sneakers - Medium (M),Delhi Distribution,5523,920,$115.83
TSHIRT-23946,Athletic Shorts - Extra Large (XL),Mumbai Hub,8653,862,$23.73
JCKT-94355,Polo Shirt - US 11,Mumbai Hub,269,585,$87.69
TSHIRT-23935,Puffer Jacket - US 10,Surat Central Warehouse,8062,380,$101.51
PANTS-70638,Socks - 34x32,Regional Depot North,9418,777,$116.55
SHOE-73797,Athletic Shorts - Medium (M),Surat Central Warehouse,5135,978,$123.93
SHOE-58033,Puffer Jacket - One Size,Delhi Distribution,1491,250,$137.88
JCKT-50630,Athletic Shorts - US 11,Delhi Distribution,3743,954,$113.61
JCKT-98665,Slim Fit Jeans - US 9,Surat Central Warehouse,5892,881,$148.80
SHOE-85960,Puffer Jacket - One Size,Surat Central Warehouse,248,227,$93.32
PANTS-46657,Hoodie - Small (S),Regional Depot North,7784,273,$95.09
SKU-AP-59433,Slim Fit Jeans - US 9,Mumbai Hub,5814,990,$149.43
TSHIRT-47610,Running Sneakers - US 10,Surat Central Warehouse,3140,943,$86.89
SKU-AP-4555,Slim Fit Jeans - Medium (M),Surat Central Warehouse,9908,624,$94.75
PANTS-69774,Cotton T-Shirt - Medium (M),South Fulfillment Center,7497,930,$145.68
JCKT-23005,Puffer Jacket - 34x32,South Fulfillment Center,7406,61,$24.04
JCKT-50246,Slim Fit Jeans - US 10,Mumbai Hub,2548,785,$83.65
SHOE-78962,Puffer Jacket - US 10,Regional Depot North,2771,700,$16.99
JCKT-97344,Hoodie - Medium (M),Surat Central Warehouse,2740,340,$30.35
JCKT-99115,Beanie Hat - Medium (M),South Fulfillment Center,8323,931,$76.05
SHOE-39758,Socks - US 9,South Fulfillment Center,3491,712,$111.94
SKU-AP-90951,Polo Shirt - US 9,South Fulfillment Center,5089,634,$83.59
SHOE-35234,Sweater - US 11,Delhi Distribution,1876,963,$26.23
PANTS-13905,Polo Shirt - Extra Large (XL),South Fulfillment Center,4965,491,$78.63
TSHIRT-62778,Athletic Shorts - 34x32,Mumbai Hub,1139,70,$56.53
PANTS-54164,Cotton T-Shirt - US 10,Regional Depot North,2402,311,$51.27
SHOE-34550,Athletic Shorts - 34x32,South Fulfillment Center,5846,520,$48.22
JCKT-16558,Athletic Shorts - US 10,South Fulfillment Center,6835,356,$66.51
PANTS-20716,Athletic Shorts - Extra Large (XL),Regional Depot North,3884,284,$115.71
JCKT-93897,Athletic Shorts - Large (L),Mumbai Hub,2555,800,$10.81
SHOE-71543,Running Sneakers - One Size,Delhi Distribution,3061,119,$86.08
TSHIRT-55214,Slim Fit Jeans - Extra Large (XL),Delhi Distribution,6417,178,$149.23
TSHIRT-53475,Beanie Hat - Extra Large (XL),South Fulfillment Center,6559,847,$26.80
SKU-AP-58368,Running Sneakers - Medium (M),Surat Central Warehouse,797,488,$63.68
TSHIRT-36627,Hoodie - 34x32,Mumbai Hub,7874,871,$20.93
SKU-AP-55360,Athletic Shorts - US 9,Delhi Distribution,2566,444,$34.03
SHOE-96635,Running Sneakers - One Size,Delhi Distribution,1006,706,$132.27
SHOE-34484,Running Sneakers - Large (L),Regional Depot North,2247,710,$44.56
SKU-AP-41314,Hoodie - Large (L),Mumbai Hub,9130,531,$79.65
TSHIRT-42837,Socks - Extra Large (XL),Delhi Distribution,206,944,$42.64
JCKT-76714,Hoodie - Large (L),Delhi Distribution,8000,867,$26.14
SKU-AP-66866,Polo Shirt - US 10,Delhi Distribution,6379,507,$87.58
JCKT-50804,Running Sneakers - US 10,Surat Central Warehouse,3843,144,$6.00
JCKT-2429,Cotton T-Shirt - Extra Large (XL),Surat Central Warehouse,7674,161,$18.59
SKU-AP-43170,Athletic Shorts - 34x32,South Fulfillment Center,4674,612,$52.80
SKU-AP-44092,Hoodie - Large (L),Regional Depot North,376,585,$82.23
SHOE-29477,Cotton T-Shirt - US 11,Delhi Distribution,7782,771,$74.14
JCKT-51367,Sweater - US 9,Regional Depot North,3506,454,$129.09
SKU-AP-20502,Cotton T-Shirt - Medium (M),Regional Depot North,7893,388,$127.25
JCKT-17756,Slim Fit Jeans - US 11,Mumbai Hub,933,359,$48.02
TSHIRT-51443,Puffer Jacket - Extra Large (XL),South Fulfillment Center,7494,145,$25.47
SHOE-14779,Slim Fit Jeans - US 10,South Fulfillment Center,7348,729,$19.33
JCKT-62416,Slim Fit Jeans - US 11,Delhi Distribution,7509,659,$45.57
SHOE-83147,Beanie Hat - US 11,Delhi Distribution,5986,354,$57.00
JCKT-53837,Sweater - US 10,Surat Central Warehouse,6842,318,$32.43
TSHIRT-27956,Socks - Medium (M),Surat Central Warehouse,858,590,$108.17
JCKT-43920,Socks - US 10,Regional Depot North,2476,368,$143.32
PANTS-48197,Beanie Hat - US 11,Regional Depot North,5106,306,$95.50
TSHIRT-56827,Running Sneakers - Small (S),Delhi Distribution,4152,899,$10.12
PANTS-19672,Sweater - Medium (M),South Fulfillment Center,9742,907,$74.31
TSHIRT-48513,Puffer Jacket - Extra Large (XL),Regional Depot North,1509,381,$141.76
TSHIRT-89455,Hoodie - 34x32,Regional Depot North,4399,981,$17.10
PANTS-39750,Beanie Hat - 32x32,South Fulfillment Center,8613,123,$54.33
SHOE-36142,Slim Fit Jeans - US 10,South Fulfillment Center,5763,54,$42.82
PANTS-67466,Beanie Hat - US 9,South Fulfillment Center,7011,138,$92.89
JCKT-53686,Beanie Hat - 32x32,Surat Central Warehouse,4052,186,$58.85
JCKT-14382,Athletic Shorts - US 10,Mumbai Hub,538,604,$51.99
JCKT-36467,Puffer Jacket - One Size,Mumbai Hub,1168,649,$142.56
SHOE-78680,Running Sneakers - Extra Large (XL),Delhi Distribution,4870,689,$133.91
SKU-AP-64470,Puffer Jacket - US 9,Surat Central Warehouse,4720,795,$52.17
JCKT-59692,Socks - US 11,South Fulfillment Center,4126,624,$33.04
PANTS-86299,Socks - One Size,South Fulfillment Center,3480,613,$114.74
SKU-AP-15157,Socks - 34x32,Surat Central Warehouse,7331,122,$47.67
SKU-AP-52888,Sweater - US 11,Mumbai Hub,2557,242,$89.09
PANTS-41020,Hoodie - Small (S),South Fulfillment Center,769,944,$111.85
TSHIRT-80196,Beanie Hat - Small (S),South Fulfillment Center,965,816,$6.65
JCKT-81109,Running Sneakers - Large (L),Delhi Distribution,8520,707,$58.44
JCKT-78900,Cotton T-Shirt - Large (L),Regional Depot North,4929,896,$6.04
PANTS-47864,Puffer Jacket - One Size,Mumbai Hub,3331,448,$77.58
TSHIRT-5810,Slim Fit Jeans - 32x32,Delhi Distribution,4371,717,$11.72
JCKT-55529,Beanie Hat - Small (S),Regional Depot North,2458,355,$138.69
SKU-AP-54965,Puffer Jacket - 32x32,South Fulfillment Center,6394,470,$52.68
PANTS-25011,Polo Shirt - 34x32,Mumbai Hub,1853,384,$54.95
PANTS-36429,Hoodie - Medium (M),South Fulfillment Center,5027,414,$119.76
SKU-AP-59440,Slim Fit Jeans - Large (L),South Fulfillment Center,7290,480,$67.18
SKU-AP-10079,Hoodie - 32x32,Surat Central Warehouse,955,186,$125.72
SHOE-69893,Polo Shirt - Large (L),Surat Central Warehouse,585,699,$136.73
TSHIRT-23193,Beanie Hat - US 11,South Fulfillment Center,4315,458,$9.93
PANTS-61632,Beanie Hat - Medium (M),Regional Depot North,9043,434,$52.98
PANTS-87153,Polo Shirt - Medium (M),Mumbai Hub,9818,231,$11.91
TSHIRT-42241,Hoodie - Large (L),Delhi Distribution,8873,624,$32.19
TSHIRT-62298,Socks - Extra Large (XL),Mumbai Hub,6388,977,$132.48
PANTS-34680,Puffer Jacket - US 10,South Fulfillment Center,2614,816,$66.36
JCKT-87575,Cotton T-Shirt - Extra Large (XL),South Fulfillment Center,7198,144,$99.63
SKU-AP-41228,Puffer Jacket - Extra Large (XL),Delhi Distribution,3058,935,$44.77
SHOE-40040,Polo Shirt - US 9,Regional Depot North,5361,600,$120.62
PANTS-72474,Running Sneakers - US 9,South Fulfillment Center,9404,364,$134.99
JCKT-18678,Puffer Jacket - 34x32,Surat Central Warehouse,3223,295,$107.87
SKU-AP-9814,Socks - Extra Large (XL),Regional Depot North,7051,927,$22.28
JCKT-22202,Puffer Jacket - Extra Large (XL),South Fulfillment Center,7617,455,$42.51
PANTS-3402,Running Sneakers - US 11,Surat Central Warehouse,3938,739,$107.53
SKU-AP-20921,Slim Fit Jeans - One Size,Delhi Distribution,5161,471,$55.20
SKU-AP-59760,Slim Fit Jeans - US 10,South Fulfillment Center,5066,771,$141.41
PANTS-79577,Hoodie - Small (S),Delhi Distribution,1963,943,$149.33
TSHIRT-48719,Puffer Jacket - 34x32,Surat Central Warehouse,9054,766,$105.30
PANTS-86229,Hoodie - Large (L),Regional Depot North,1189,568,$101.63
JCKT-56726,Cotton T-Shirt - Small (S),Mumbai Hub,2331,740,$67.63
TSHIRT-4855,Athletic Shorts - US 11,Surat Central Warehouse,1278,704,$8.06
SHOE-81048,Socks - 34x32,Surat Central Warehouse,4590,148,$96.16
TSHIRT-89198,Sweater - Large (L),Surat Central Warehouse,1400,118,$71.34
TSHIRT-41726,Hoodie - 34x32,Mumbai Hub,9557,154,$106.49
PANTS-19200,Puffer Jacket - Medium (M),South Fulfillment Center,9900,677,$90.11
JCKT-72208,Sweater - 32x32,South Fulfillment Center,6186,418,$110.62
PANTS-47711,Slim Fit Jeans - Small (S),Regional Depot North,5845,527,$5.50
SHOE-46296,Running Sneakers - US 11,Regional Depot North,8252,713,$17.98
SKU-AP-22291,Athletic Shorts - One Size,Delhi Distribution,224,454,$141.31
PANTS-34223,Beanie Hat - US 11,Mumbai Hub,1759,854,$91.94
JCKT-71214,Puffer Jacket - Medium (M),South Fulfillment Center,1824,253,$115.24
PANTS-11345,Running Sneakers - Small (S),South Fulfillment Center,1951,437,$81.42
SKU-AP-90325,Athletic Shorts - One Size,Regional Depot North,9540,342,$130.91
JCKT-36474,Hoodie - US 11,Regional Depot North,3906,556,$64.38
TSHIRT-77388,Polo Shirt - US 10,Mumbai Hub,1707,781,$98.08
SKU-AP-97939,Athletic Shorts - Large (L),Delhi Distribution,6945,682,$92.19
JCKT-49857,Hoodie - 32x32,Regional Depot North,2116,127,$115.94
SHOE-54958,Running Sneakers - 32x32,South Fulfillment Center,8932,757,$68.54
TSHIRT-87141,Running Sneakers - One Size,Mumbai Hub,2120,696,$74.72
SHOE-87592,Running Sneakers - US 11,Mumbai Hub,6658,128,$20.13
PANTS-60696,Athletic Shorts - Extra Large (XL),Delhi Distribution,406,503,$84.33
SKU-AP-80796,Beanie Hat - US 11,Surat Central Warehouse,3766,122,$95.29
JCKT-26752,Sweater - Large (L),Surat Central Warehouse,6474,747,$115.36
PANTS-37645,Puffer Jacket - US 9,Mumbai Hub,5909,594,$43.19
SKU-AP-46810,Athletic Shorts - Large (L),Regional Depot North,1720,832,$43.75
JCKT-39944,Running Sneakers - US 11,Delhi Distribution,1537,125,$49.82
PANTS-91467,Polo Shirt - Small (S),Delhi Distribution,7969,311,$132.77
JCKT-60495,Athletic Shorts - US 11,Surat Central Warehouse,9929,606,$49.36
SHOE-51659,Sweater - 34x32,Regional Depot North,4565,467,$2.26
PANTS-66213,Socks - 34x32,South Fulfillment Center,9566,349,$39.77
SKU-AP-41220,Hoodie - Large (L),Surat Central Warehouse,4492,810,$97.90
TSHIRT-46561,Running Sneakers - US 11,South Fulfillment Center,7885,964,$93.73
PANTS-28162,Beanie Hat - 34x32,Mumbai Hub,6643,985,$75.25
PANTS-46389,Beanie Hat - US 11,Delhi Distribution,4264,813,$37.10
JCKT-63306,Sweater - US 9,Mumbai Hub,4838,591,$14.65
JCKT-93662,Socks - US 10,South Fulfillment Center,1465,479,$143.72
PANTS-77174,Beanie Hat - Small (S),South Fulfillment Center,2369,994,$4.49
PANTS-26835,Beanie Hat - Extra Large (XL),Mumbai Hub,4395,156,$3.21
PANTS-58134,Running Sneakers - US 11,Mumbai Hub,277,960,$49.10
JCKT-86748,Running Sneakers - 32x32,Delhi Distribution,4232,480,$53.70
TSHIRT-20567,Slim Fit Jeans - One Size,Delhi Distribution,4204,681,$147.32
PANTS-16753,Puffer Jacket - Large (L),Delhi Distribution,5883,518,$86.11
SKU-AP-31301,Polo Shirt - US 10,Surat Central Warehouse,8873,282,$123.79
PANTS-88247,Beanie Hat - Medium (M),Regional Depot North,968,156,$137.41
PANTS-38093,Running Sneakers - Large (L),Delhi Distribution,1167,854,$18.10
SKU-AP-56860,Cotton T-Shirt - 34x32,Mumbai Hub,1034,276,$84.83
PANTS-40786,Socks - Small (S),Mumbai Hub,8423,673,$127.95
SHOE-38713,Running Sneakers - Small (S),South Fulfillment Center,9966,191,$149.37
SKU-AP-50292,Hoodie - 34x32,Delhi Distribution,1644,261,$124.97
TSHIRT-51554,Slim Fit Jeans - Large (L),Surat Central Warehouse,7235,779,$76.80
JCKT-30753,Slim Fit Jeans - US 9,South Fulfillment Center,3016,364,$61.82
JCKT-55944,Athletic Shorts - 34x32,South Fulfillment Center,8623,229,$109.58
SHOE-63391,Polo Shirt - Large (L),Regional Depot North,140,115,$42.37
SKU-AP-10745,Puffer Jacket - Extra Large (XL),Mumbai Hub,3983,931,$12.78
JCKT-60777,Slim Fit Jeans - 32x32,Regional Depot North,8001,50,$48.42
TSHIRT-80509,Polo Shirt - 34x32,Mumbai Hub,2815,133,$113.92
SKU-AP-42272,Cotton T-Shirt - Extra Large (XL),South Fulfillment Center,2969,331,$69.72
SKU-AP-24023,Athletic Shorts - One Size,Mumbai Hub,8482,345,$122.66
SKU-AP-57350,Slim Fit Jeans - 34x32,Mumbai Hub,489,116,$8.45
JCKT-76119,Polo Shirt - US 9,Delhi Distribution,6631,211,$118.82
SKU-AP-59284,Slim Fit Jeans - US 11,Regional Depot North,1740,955,$105.89
TSHIRT-41010,Puffer Jacket - Small (S),South Fulfillment Center,7126,558,$93.58
SHOE-83301,Beanie Hat - US 9,Mumbai Hub,1435,568,$87.48
PANTS-9738,Beanie Hat - Large (L),Surat Central Warehouse,1452,740,$59.95
JCKT-92129,Puffer Jacket - US 9,Delhi Distribution,8460,769,$131.18
JCKT-38400,Athletic Shorts - US 10,Regional Depot North,4351,883,$88.99
TSHIRT-28041,Sweater - US 10,Regional Depot North,9408,416,$103.47
SHOE-36578,Sweater - Extra Large (XL),Delhi Distribution,7462,318,$52.04
PANTS-15949,Running Sneakers - Medium (M),Regional Depot North,1540,199,$52.05
PANTS-10654,Sweater - Small (S),Surat Central Warehouse,3490,247,$19.69
PANTS-6103,Running Sneakers - Extra Large (XL),Mumbai Hub,2677,476,$85.65
JCKT-33141,Cotton T-Shirt - Small (S),Delhi Distribution,778,609,$130.23
PANTS-68039,Beanie Hat - Small (S),Mumbai Hub,567,861,$140.08
SKU-AP-60521,Beanie Hat - US 11,Regional Depot North,3501,752,$63.15
JCKT-31813,Cotton T-Shirt - US 10,Mumbai Hub,6031,239,$29.95
JCKT-35350,Cotton T-Shirt - US 11,Surat Central Warehouse,5447,481,$72.07
PANTS-67234,Socks - Medium (M),Surat Central Warehouse,7634,257,$31.60
PANTS-77540,Sweater - Large (L),Regional Depot North,5602,579,$56.29
TSHIRT-39699,Running Sneakers - Extra Large (XL),Delhi Distribution,8707,364,$127.81
PANTS-7124,Slim Fit Jeans - Large (L),Regional Depot North,2235,919,$131.72
SHOE-16191,Polo Shirt - US 10,Regional Depot North,2901,109,$72.10
JCKT-34492,Socks - US 11,Delhi Distribution,8388,760,$23.34
PANTS-56652,Running Sneakers - Small (S),Surat Central Warehouse,7739,138,$144.37
SKU-AP-49848,Athletic Shorts - One Size,Mumbai Hub,5175,304,$54.92
SHOE-14535,Athletic Shorts - 32x32,South Fulfillment Center,7537,426,$38.85
JCKT-35822,Athletic Shorts - US 9,Regional Depot North,5365,486,$51.07
SHOE-80597,Running Sneakers - Extra Large (XL),Delhi Distribution,9341,381,$92.87
SKU-AP-92541,Running Sneakers - US 10,Mumbai Hub,5134,307,$4.27
SHOE-28921,Polo Shirt - 32x32,Mumbai Hub,7995,213,$147.19
PANTS-76617,Sweater - US 10,Delhi Distribution,8602,489,$50.25
TSHIRT-26726,Slim Fit Jeans - US 11,Delhi Distribution,2741,946,$19.21
PANTS-76979,Athletic Shorts - Extra Large (XL),South Fulfillment Center,7672,123,$124.67
TSHIRT-57982,Athletic Shorts - US 11,Surat Central Warehouse,7561,430,$21.38
JCKT-62909,Puffer Jacket - Large (L),Delhi Distribution,7897,112,$117.80
JCKT-11226,Running Sneakers - 32x32,South Fulfillment Center,2802,595,$80.95
SKU-AP-41537,Cotton T-Shirt - US 9,South Fulfillment Center,8232,496,$92.70
PANTS-98208,Athletic Shorts - 32x32,Regional Depot North,7327,685,$78.14
TSHIRT-19877,Sweater - 32x32,Regional Depot North,5072,448,$68.57
JCKT-32556,Slim Fit Jeans - US 9,Regional Depot North,1186,372,$26.89
SHOE-2932,Hoodie - Large (L),Surat Central Warehouse,5520,92,$68.90
PANTS-46365,Hoodie - 34x32,Delhi Distribution,6948,153,$83.25
SKU-AP-82107,Cotton T-Shirt - One Size,Regional Depot North,6626,570,$62.45
SKU-AP-69993,Hoodie - Medium (M),Mumbai Hub,7564,858,$118.40
SKU-AP-84520,Polo Shirt - US 11,Surat Central Warehouse,5202,736,$85.86
JCKT-70215,Puffer Jacket - US 10,Mumbai Hub,710,310,$108.71
PANTS-5863,Athletic Shorts - 32x32,Delhi Distribution,1277,335,$49.69
JCKT-28631,Hoodie - 32x32,Mumbai Hub,2947,454,$85.48
SHOE-60350,Athletic Shorts - 32x32,Mumbai Hub,7745,309,$43.02
SHOE-81431,Slim Fit Jeans - Large (L),Mumbai Hub,7813,535,$60.15
SHOE-17863,Running Sneakers - Medium (M),Mumbai Hub,902,345,$68.74
TSHIRT-33120,Running Sneakers - Large (L),Regional Depot North,534,667,$23.24
SKU-AP-62160,Cotton T-Shirt - Extra Large (XL),South Fulfillment Center,2528,96,$33.63
PANTS-56792,Beanie Hat - US 9,South Fulfillment Center,1447,379,$49.03
SKU-AP-14795,Athletic Shorts - One Size,Mumbai Hub,7204,786,$77.94
JCKT-17204,Hoodie - Medium (M),South Fulfillment Center,1500,946,$17.76
SHOE-96015,Sweater - US 11,Delhi Distribution,5951,331,$142.59
TSHIRT-53139,Puffer Jacket - 34x32,Regional Depot North,4140,943,$131.64
JCKT-30025,Running Sneakers - Small (S),South Fulfillment Center,3923,182,$94.44
SHOE-9644,Puffer Jacket - US 11,Surat Central Warehouse,7822,565,$38.57
SKU-AP-58989,Athletic Shorts - US 11,Delhi Distribution,257,79,$132.86
PANTS-9907,Running Sneakers - One Size,Mumbai Hub,5562,565,$103.83
SHOE-29303,Puffer Jacket - Medium (M),Mumbai Hub,7619,828,$140.27
SHOE-16374,Puffer Jacket - 34x32,Regional Depot North,2889,183,$87.55
SKU-AP-25969,Puffer Jacket - 34x32,Mumbai Hub,5155,725,$76.76
JCKT-40020,Hoodie - US 9,South Fulfillment Center,5320,865,$57.57
JCKT-19653,Polo Shirt - One Size,Regional Depot North,5078,516,$149.02
SHOE-97642,Slim Fit Jeans - Medium (M),Regional Depot North,6757,864,$149.85
JCKT-45393,Sweater - Large (L),Mumbai Hub,9750,224,$100.42
TSHIRT-83051,Beanie Hat - Small (S),Regional Depot North,2806,489,$17.11
JCKT-2833,Sweater - US 11,Mumbai Hub,2497,608,$24.49
JCKT-74080,Cotton T-Shirt - 34x32,Surat Central Warehouse,7445,643,$11.24
JCKT-73757,Slim Fit Jeans - 34x32,Mumbai Hub,5510,431,$39.96
SKU-AP-89919,Slim Fit Jeans - Medium (M),South Fulfillment Center,8980,541,$71.79
SKU-AP-25225,Puffer Jacket - Medium (M),Mumbai Hub,5270,703,$52.77
JCKT-86223,Beanie Hat - One Size,South Fulfillment Center,2856,200,$12.40
PANTS-99854,Athletic Shorts - US 11,Regional Depot North,7554,938,$129.52
SKU-AP-62201,Running Sneakers - US 10,Delhi Distribution,5490,542,$6.97
SKU-AP-93989,Sweater - Medium (M),Surat Central Warehouse,1855,558,$130.52
SHOE-7453,Slim Fit Jeans - US 11,Surat Central Warehouse,4534,267,$36.33
SKU-AP-93068,Puffer Jacket - 32x32,Mumbai Hub,1179,259,$41.16
SKU-AP-41979,Athletic Shorts - 34x32,Surat Central Warehouse,3446,149,$114.84
TSHIRT-11676,Puffer Jacket - US 10,Regional Depot North,4823,184,$10.22
TSHIRT-50972,Athletic Shorts - US 10,South Fulfillment Center,3463,434,$149.88
SKU-AP-88222,Socks - 34x32,Delhi Distribution,7464,535,$144.07
SKU-AP-16327,Sweater - Large (L),Regional Depot North,5374,298,$45.50
TSHIRT-67923,Puffer Jacket - Small (S),Mumbai Hub,6226,285,$90.94
SHOE-48261,Beanie Hat - 34x32,Regional Depot North,6391,253,$64.56
PANTS-88177,Polo Shirt - US 11,South Fulfillment Center,2518,113,$51.93
JCKT-40979,Beanie Hat - One Size,South Fulfillment Center,3536,171,$106.52
JCKT-78994,Athletic Shorts - Extra Large (XL),Mumbai Hub,9181,673,$67.65
TSHIRT-66854,Running Sneakers - 32x32,Regional Depot North,1648,702,$4.80
SKU-AP-4524,Beanie Hat - Medium (M),Mumbai Hub,6632,995,$115.26
TSHIRT-57438,Sweater - Extra Large (XL),South Fulfillment Center,6909,987,$145.85
PANTS-92457,Running Sneakers - US 11,Mumbai Hub,819,586,$81.19
JCKT-18657,Athletic Shorts - Small (S),Regional Depot North,8468,449,$111.74
SHOE-10674,Polo Shirt - One Size,Mumbai Hub,335,225,$27.85
SHOE-96409,Slim Fit Jeans - 34x32,Delhi Distribution,9939,705,$141.18
TSHIRT-7946,Beanie Hat - Small (S),Mumbai Hub,5358,600,$64.37
SKU-AP-32519,Slim Fit Jeans - Medium (M),Surat Central Warehouse,3513,188,$51.11
TSHIRT-50458,Cotton T-Shirt - Small (S),Mumbai Hub,514,956,$45.80
SHOE-32361,Athletic Shorts - US 10,Surat Central Warehouse,1806,453,$87.10
SHOE-74818,Socks - Large (L),Delhi Distribution,7945,597,$117.92
SHOE-98668,Sweater - US 9,Regional Depot North,54,484,$146.73
SHOE-41287,Puffer Jacket - Large (L),South Fulfillment Center,4430,712,$10.50
PANTS-63859,Puffer Jacket - US 10,South Fulfillment Center,4528,150,$31.45
SKU-AP-81345,Hoodie - 32x32,South Fulfillment Center,5686,974,$137.25
JCKT-81553,Running Sneakers - US 11,Delhi Distribution,7604,352,$65.24
TSHIRT-30377,Puffer Jacket - US 9,South Fulfillment Center,2741,135,$62.44
SKU-AP-76243,Hoodie - 32x32,Surat Central Warehouse,5270,978,$89.57
SHOE-77427,Beanie Hat - One Size,Surat Central Warehouse,2980,281,$27.81
JCKT-27520,Beanie Hat - 32x32,Surat Central Warehouse,8544,79,$141.14
SHOE-93529,Beanie Hat - One Size,Delhi Distribution,72,566,$46.31
SHOE-75953,Hoodie - US 11,South Fulfillment Center,270,931,$19.91
PANTS-29618,Beanie Hat - US 9,Regional Depot North,6522,87,$50.06
TSHIRT-7911,Socks - Small (S),Mumbai Hub,1243,416,$39.92
SHOE-44151,Running Sneakers - 32x32,Regional Depot North,3582,272,$106.91
PANTS-41414,Athletic Shorts - Extra Large (XL),Delhi Distribution,3011,662,$44.02
SHOE-60977,Polo Shirt - US 11,Regional Depot North,5732,863,$57.22
PANTS-75561,Polo Shirt - One Size,Mumbai Hub,5796,709,$17.42
TSHIRT-85338,Sweater - Small (S),South Fulfillment Center,3200,242,$123.61
SHOE-70590,Slim Fit Jeans - US 10,Surat Central Warehouse,2673,108,$28.72
SKU-AP-53353,Socks - One Size,Surat Central Warehouse,1329,741,$72.45
SHOE-83961,Athletic Shorts - Extra Large (XL),South Fulfillment Center,3453,105,$72.47
JCKT-51084,Athletic Shorts - US 11,South Fulfillment Center,1297,476,$126.50
SKU-AP-20160,Hoodie - 32x32,Regional Depot North,3363,938,$81.17
TSHIRT-51193,Beanie Hat - 32x32,Mumbai Hub,5883,238,$130.65
SHOE-26471,Sweater - US 11,Mumbai Hub,4584,606,$85.10
SKU-AP-46717,Running Sneakers - 32x32,Surat Central Warehouse,3550,439,$80.15
SKU-AP-25536,Cotton T-Shirt - One Size,Regional Depot North,3027,364,$121.45
SKU-AP-75258,Polo Shirt - One Size,Surat Central Warehouse,6740,445,$13.21
JCKT-86418,Hoodie - Large (L),Delhi Distribution,3240,914,$3.07
PANTS-56614,Socks - 34x32,Regional Depot North,835,663,$116.27
PANTS-23891,Polo Shirt - US 11,Delhi Distribution,9009,168,$137.08
PANTS-40649,Sweater - One Size,Mumbai Hub,8282,513,$35.95
TSHIRT-78917,Hoodie - 32x32,Regional Depot North,1289,785,$98.43
SHOE-13275,Cotton T-Shirt - Large (L),Surat Central Warehouse,3974,829,$136.44
SKU-AP-42727,Socks - Large (L),South Fulfillment Center,9399,52,$2.52
SHOE-42455,Cotton T-Shirt - US 11,Regional Depot North,8434,111,$96.78
JCKT-69738,Sweater - Extra Large (XL),South Fulfillment Center,1683,883,$125.12
SHOE-5701,Running Sneakers - Medium (M),South Fulfillment Center,6954,324,$6.29
TSHIRT-13894,Socks - Extra Large (XL),Mumbai Hub,1633,525,$124.38
SHOE-66903,Polo Shirt - Large (L),South Fulfillment Center,3707,138,$78.59
PANTS-24221,Hoodie - 34x32,Mumbai Hub,373,998,$56.03
TSHIRT-52102,Hoodie - US 10,South Fulfillment Center,7917,151,$90.52
TSHIRT-76463,Cotton T-Shirt - US 11,South Fulfillment Center,4680,562,$2.68
TSHIRT-9229,Socks - US 10,South Fulfillment Center,9443,481,$137.94
PANTS-38017,Slim Fit Jeans - US 11,Surat Central Warehouse,3210,967,$124.41
JCKT-42651,Beanie Hat - Extra Large (XL),Delhi Distribution,3693,394,$47.28
PANTS-6138,Puffer Jacket - Large (L),Delhi Distribution,6415,301,$32.11
JCKT-57149,Polo Shirt - Medium (M),South Fulfillment Center,2523,127,$107.19
TSHIRT-75953,Athletic Shorts - 32x32,South Fulfillment Center,3271,350,$48.43
SHOE-67957,Hoodie - 34x32,Regional Depot North,3140,579,$66.13
JCKT-29675,Sweater - Small (S),Delhi Distribution,4034,545,$88.25
PANTS-96923,Slim Fit Jeans - US 9,South Fulfillment Center,7781,867,$120.29
SKU-AP-69570,Beanie Hat - US 10,South Fulfillment Center,7541,648,$106.40
JCKT-78172,Puffer Jacket - Large (L),Surat Central Warehouse,8085,415,$143.36
SKU-AP-93570,Sweater - 34x32,South Fulfillment Center,4180,387,$20.87
SKU-AP-59244,Sweater - US 9,Delhi Distribution,1862,537,$62.71
SHOE-99046,Socks - US 9,Regional Depot North,1259,62,$143.71
PANTS-4024,Socks - Large (L),Surat Central Warehouse,8854,559,$8.98
SHOE-51829,Cotton T-Shirt - One Size,Regional Depot North,585,199,$43.38
JCKT-84946,Beanie Hat - Medium (M),Surat Central Warehouse,6650,534,$111.17
PANTS-3819,Socks - Large (L),Surat Central Warehouse,7244,273,$30.66
SHOE-82202,Cotton T-Shirt - US 11,Delhi Distribution,9893,882,$40.61
TSHIRT-35798,Slim Fit Jeans - 34x32,Regional Depot North,9020,676,$42.63
JCKT-73467,Running Sneakers - Small (S),Delhi Distribution,8563,590,$63.55
TSHIRT-29322,Polo Shirt - US 10,Regional Depot North,4412,662,$19.35
SHOE-41265,Puffer Jacket - US 11,South Fulfillment Center,8057,588,$135.25
SKU-AP-81083,Slim Fit Jeans - Small (S),Surat Central Warehouse,8817,262,$92.23
TSHIRT-86844,Running Sneakers - Extra Large (XL),South Fulfillment Center,2331,656,$118.92
SKU-AP-71702,Beanie Hat - US 11,South Fulfillment Center,5548,995,$103.75
JCKT-58965,Beanie Hat - US 11,Regional Depot North,5615,943,$142.19
TSHIRT-15310,Puffer Jacket - US 9,Surat Central Warehouse,4786,134,$51.26
TSHIRT-12908,Athletic Shorts - US 9,Mumbai Hub,6828,832,$70.13
PANTS-58686,Hoodie - US 11,Delhi Distribution,4234,839,$13.25
SHOE-47022,Cotton T-Shirt - US 9,Mumbai Hub,5563,103,$89.87
TSHIRT-4636,Puffer Jacket - 34x32,Surat Central Warehouse,7776,369,$77.05
TSHIRT-49263,Slim Fit Jeans - One Size,South Fulfillment Center,9589,667,$23.35
TSHIRT-3529,Running Sneakers - Extra Large (XL),Mumbai Hub,6689,776,$27.95
PANTS-89396,Running Sneakers - Extra Large (XL),Delhi Distribution,2908,148,$88.89
SHOE-5220,Beanie Hat - Medium (M),Delhi Distribution,4417,788,$68.03
PANTS-88036,Running Sneakers - Extra Large (XL),Mumbai Hub,42,562,$135.06
SKU-AP-70939,Sweater - US 11,Regional Depot North,2919,94,$8.48
SHOE-67836,Polo Shirt - Extra Large (XL),Delhi Distribution,5742,84,$99.92
TSHIRT-28084,Socks - 32x32,Mumbai Hub,8561,695,$21.14
PANTS-13727,Socks - US 11,Mumbai Hub,2379,747,$115.32
TSHIRT-95687,Sweater - Small (S),South Fulfillment Center,1641,133,$11.48
SKU-AP-66589,Hoodie - Small (S),Mumbai Hub,9516,755,$8.81
JCKT-46414,Cotton T-Shirt - US 9,Regional Depot North,456,694,$5.93
JCKT-84766,Puffer Jacket - 32x32,Delhi Distribution,1807,597,$3.14
TSHIRT-96651,Athletic Shorts - Extra Large (XL),South Fulfillment Center,8366,627,$17.85
SHOE-53372,Athletic Shorts - Small (S),Regional Depot North,605,901,$90.64
JCKT-34874,Beanie Hat - US 9,Mumbai Hub,1883,421,$113.97
SKU-AP-96939,Running Sneakers - Extra Large (XL),Surat Central Warehouse,4177,629,$115.31
JCKT-11051,Socks - US 11,Delhi Distribution,4938,440,$129.27
SKU-AP-95436,Sweater - US 9,Surat Central Warehouse,3533,320,$103.27
SKU-AP-62995,Slim Fit Jeans - 34x32,Mumbai Hub,8382,544,$66.53
SHOE-93671,Sweater - Medium (M),South Fulfillment Center,2850,919,$69.57
SHOE-63890,Beanie Hat - One Size,Delhi Distribution,1664,780,$88.04
SKU-AP-36155,Slim Fit Jeans - Medium (M),Mumbai Hub,8479,949,$30.74
SKU-AP-11658,Cotton T-Shirt - US 10,South Fulfillment Center,5661,229,$47.31
SKU-AP-54222,Socks - One Size,Regional Depot North,1045,54,$17.21
JCKT-71648,Polo Shirt - Extra Large (XL),South Fulfillment Center,2722,122,$8.58
SKU-AP-18170,Sweater - US 11,Surat Central Warehouse,9228,190,$13.27
PANTS-80497,Socks - One Size,Surat Central Warehouse,818,296,$34.44
JCKT-6187,Puffer Jacket - Medium (M),Regional Depot North,907,522,$45.33
JCKT-32897,Beanie Hat - Large (L),Mumbai Hub,7119,741,$137.48
PANTS-35901,Beanie Hat - Large (L),Regional Depot North,5147,498,$16.16
SKU-AP-56540,Puffer Jacket - Extra Large (XL),Surat Central Warehouse,8470,234,$147.67
SHOE-18668,Cotton T-Shirt - 32x32,Surat Central Warehouse,9744,52,$117.30
TSHIRT-55571,Slim Fit Jeans - US 10,Regional Depot North,7610,373,$141.77
TSHIRT-41659,Hoodie - Large (L),Surat Central Warehouse,1873,469,$55.26
SKU-AP-48892,Athletic Shorts - US 10,Surat Central Warehouse,7598,53,$98.14
JCKT-38049,Hoodie - US 11,Mumbai Hub,200,945,$95.54
JCKT-85948,Puffer Jacket - One Size,Delhi Distribution,6520,738,$64.34
TSHIRT-40483,Sweater - 34x32,South Fulfillment Center,7338,225,$87.04
PANTS-68015,Socks - Medium (M),Delhi Distribution,5755,177,$70.77
SKU-AP-46111,Socks - Small (S),Surat Central Warehouse,7208,356,$68.12
SHOE-14594,Cotton T-Shirt - One Size,Regional Depot North,1089,435,$47.50
JCKT-79268,Polo Shirt - Small (S),Mumbai Hub,2100,632,$89.44
TSHIRT-70478,Sweater - US 9,Surat Central Warehouse,8651,406,$16.53
SHOE-12370,Beanie Hat - US 9,Regional Depot North,3611,462,$82.59
SKU-AP-93582,Beanie Hat - 34x32,South Fulfillment Center,5037,724,$146.27
TSHIRT-78576,Polo Shirt - US 10,Regional Depot North,9940,826,$124.11
TSHIRT-59872,Slim Fit Jeans - 34x32,South Fulfillment Center,2973,950,$21.66
SHOE-41708,Hoodie - Medium (M),Regional Depot North,8526,411,$136.12
TSHIRT-6480,Hoodie - US 9,Delhi Distribution,1482,826,$139.16
SHOE-40141,Socks - US 9,Regional Depot North,194,985,$26.83
TSHIRT-83443,Sweater - US 10,Mumbai Hub,174,670,$14.48
PANTS-94301,Socks - Extra Large (XL),Delhi Distribution,1731,967,$112.13
TSHIRT-59459,Socks - US 9,Surat Central Warehouse,7796,573,$90.17
SKU-AP-5154,Slim Fit Jeans - US 9,South Fulfillment Center,5402,79,$18.39
SKU-AP-7069,Hoodie - Small (S),Surat Central Warehouse,13,439,$40.25
JCKT-24695,Cotton T-Shirt - Large (L),Mumbai Hub,1751,765,$69.27
TSHIRT-89602,Sweater - US 10,Mumbai Hub,3822,438,$135.28
SHOE-58417,Running Sneakers - One Size,South Fulfillment Center,5809,761,$95.12
TSHIRT-48941,Puffer Jacket - US 10,South Fulfillment Center,5704,968,$80.17
JCKT-9034,Sweater - Extra Large (XL),Surat Central Warehouse,5487,963,$48.01
SKU-AP-26971,Slim Fit Jeans - US 9,Surat Central Warehouse,6452,163,$54.82
SKU-AP-14363,Running Sneakers - US 11,Mumbai Hub,6392,587,$61.50
JCKT-84604,Hoodie - US 9,Surat Central Warehouse,7054,888,$91.19
TSHIRT-43476,Hoodie - Medium (M),Mumbai Hub,761,445,$78.37
SHOE-69413,Socks - Small (S),Mumbai Hub,6762,713,$5.53
JCKT-91925,Hoodie - 34x32,South Fulfillment Center,6975,700,$75.73
JCKT-67196,Running Sneakers - Medium (M),Delhi Distribution,7637,909,$31.10
SHOE-31666,Cotton T-Shirt - US 9,Surat Central Warehouse,6197,96,$132.98
SHOE-86749,Socks - 34x32,Regional Depot North,9074,794,$59.97
PANTS-18560,Hoodie - Extra Large (XL),Surat Central Warehouse,9672,310,$124.39
TSHIRT-84242,Beanie Hat - Extra Large (XL),Regional Depot North,3142,718,$59.42
PANTS-41876,Beanie Hat - Large (L),Regional Depot North,6960,286,$2.70
TSHIRT-23466,Athletic Shorts - Large (L),Regional Depot North,4748,897,$53.73
PANTS-9265,Running Sneakers - US 10,South Fulfillment Center,1036,463,$122.77
SHOE-88232,Beanie Hat - 34x32,Mumbai Hub,67,127,$111.09
TSHIRT-49095,Athletic Shorts - Medium (M),Regional Depot North,4829,963,$118.01
SHOE-73620,Polo Shirt - 32x32,South Fulfillment Center,5573,963,$29.16
PANTS-40155,Running Sneakers - Medium (M),Delhi Distribution,4560,937,$6.75
PANTS-47528,Athletic Shorts - Extra Large (XL),Regional Depot North,4162,541,$148.36
SKU-AP-24144,Puffer Jacket - US 11,Surat Central Warehouse,7361,395,$133.82
PANTS-69550,Beanie Hat - US 10,Mumbai Hub,8290,704,$148.41
TSHIRT-13184,Running Sneakers - Large (L),Mumbai Hub,7910,312,$128.87
JCKT-88990,Hoodie - Extra Large (XL),Mumbai Hub,9254,885,$85.08
TSHIRT-14451,Running Sneakers - US 9,Surat Central Warehouse,6470,819,$57.42
TSHIRT-53473,Running Sneakers - 32x32,Mumbai Hub,2946,910,$37.36
TSHIRT-54451,Sweater - Extra Large (XL),Regional Depot North,2592,947,$39.62
PANTS-47686,Beanie Hat - Medium (M),Surat Central Warehouse,4610,529,$28.86
PANTS-34486,Socks - 34x32,Surat Central Warehouse,4158,700,$30.58
PANTS-28958,Athletic Shorts - US 11,South Fulfillment Center,2560,952,$149.29
JCKT-3372,Slim Fit Jeans - Medium (M),South Fulfillment Center,8028,62,$122.51
TSHIRT-12618,Polo Shirt - US 9,Delhi Distribution,6682,235,$41.66
JCKT-59357,Sweater - 34x32,Delhi Distribution,2183,913,$103.63
JCKT-95208,Socks - 32x32,South Fulfillment Center,9594,97,$31.07
SKU-AP-57025,Socks - Small (S),South Fulfillment Center,8173,383,$56.17
SKU-AP-87863,Polo Shirt - US 11,Surat Central Warehouse,4672,299,$115.51
TSHIRT-97847,Sweater - US 11,South Fulfillment Center,1311,533,$19.27
SHOE-59153,Slim Fit Jeans - US 11,Mumbai Hub,9795,741,$51.36
SHOE-68710,Puffer Jacket - US 11,Regional Depot North,2641,267,$18.80
JCKT-34490,Beanie Hat - Extra Large (XL),South Fulfillment Center,4626,537,$127.23
JCKT-1120,Sweater - Extra Large (XL),Delhi Distribution,4998,450,$8.05
SKU-AP-39499,Puffer Jacket - US 10,South Fulfillment Center,5018,359,$144.90
PANTS-43093,Athletic Shorts - US 9,Regional Depot North,4623,168,$29.92
TSHIRT-42764,Slim Fit Jeans - Medium (M),South Fulfillment Center,7397,725,$60.21
SKU-AP-47358,Sweater - US 9,Mumbai Hub,1194,643,$6.53
SHOE-99441,Running Sneakers - Large (L),Surat Central Warehouse,8141,212,$45.11
SHOE-63481,Hoodie - 32x32,Mumbai Hub,3746,267,$101.01
TSHIRT-86892,Cotton T-Shirt - Large (L),Surat Central Warehouse,9107,187,$9.35
JCKT-53364,Slim Fit Jeans - 34x32,Regional Depot North,9071,160,$132.03
JCKT-35615,Beanie Hat - Large (L),Mumbai Hub,559,498,$87.94
SKU-AP-65235,Puffer Jacket - Extra Large (XL),Delhi Distribution,3842,872,$114.32
SHOE-28065,Slim Fit Jeans - US 10,Delhi Distribution,9866,974,$80.09
PANTS-47030,Polo Shirt - US 11,Regional Depot North,9548,117,$53.23
SKU-AP-15776,Running Sneakers - Extra Large (XL),Mumbai Hub,8117,838,$127.61
SHOE-62450,Athletic Shorts - One Size,Delhi Distribution,5780,618,$6.62
TSHIRT-56640,Socks - US 11,Delhi Distribution,5796,418,$49.99
SHOE-14938,Athletic Shorts - US 9,Delhi Distribution,8570,851,$20.47
SKU-AP-99675,Puffer Jacket - Extra Large (XL),Mumbai Hub,3910,847,$94.87
PANTS-48450,Sweater - Large (L),Regional Depot North,5793,305,$45.19
JCKT-67139,Sweater - Large (L),Surat Central Warehouse,1321,68,$78.97
PANTS-88732,Athletic Shorts - One Size,Mumbai Hub,4261,382,$112.44
SKU-AP-12536,Athletic Shorts - Small (S),Surat Central Warehouse,9169,257,$63.88
JCKT-62824,Sweater - US 9,Regional Depot North,7478,774,$142.25
PANTS-9327,Cotton T-Shirt - One Size,Surat Central Warehouse,1913,550,$123.14
PANTS-34792,Polo Shirt - 32x32,Surat Central Warehouse,7725,763,$132.72
SKU-AP-71884,Hoodie - Medium (M),Surat Central Warehouse,6652,503,$17.23
TSHIRT-26839,Athletic Shorts - US 10,Regional Depot North,4257,549,$130.54
JCKT-62844,Beanie Hat - US 10,Regional Depot North,6313,759,$3.68
TSHIRT-65881,Hoodie - US 10,Mumbai Hub,2395,279,$66.47
TSHIRT-23938,Socks - US 9,South Fulfillment Center,1370,969,$87.39
TSHIRT-20241,Athletic Shorts - Large (L),South Fulfillment Center,9114,443,$57.29
TSHIRT-60749,Beanie Hat - 32x32,South Fulfillment Center,4829,783,$104.88
PANTS-31323,Beanie Hat - One Size,Delhi Distribution,4452,194,$75.67
SHOE-84237,Socks - Large (L),Delhi Distribution,858,706,$31.49
TSHIRT-7331,Hoodie - US 9,Regional Depot North,285,104,$120.67
SHOE-15747,Running Sneakers - Extra Large (XL),South Fulfillment Center,9248,88,$147.59
JCKT-26284,Puffer Jacket - Extra Large (XL),South Fulfillment Center,7841,685,$82.28
TSHIRT-69854,Socks - Large (L),South Fulfillment Center,7766,592,$100.44
PANTS-64136,Socks - Medium (M),Delhi Distribution,5688,621,$143.09
PANTS-8522,Cotton T-Shirt - US 10,South Fulfillment Center,7489,434,$124.71
SHOE-40077,Puffer Jacket - 34x32,South Fulfillment Center,5096,267,$39.36
JCKT-74536,Running Sneakers - Medium (M),Surat Central Warehouse,5643,956,$45.47
TSHIRT-41362,Socks - 34x32,South Fulfillment Center,9389,476,$70.14
PANTS-98342,Running Sneakers - US 11,South Fulfillment Center,5030,716,$84.52
PANTS-23936,Cotton T-Shirt - US 11,Delhi Distribution,1956,726,$107.93
SHOE-41498,Slim Fit Jeans - Large (L),Regional Depot North,7190,999,$41.02
TSHIRT-58220,Sweater - US 10,Surat Central Warehouse,8732,123,$119.48
TSHIRT-90028,Sweater - US 11,South Fulfillment Center,8784,737,$38.73
SHOE-26201,Polo Shirt - Large (L),Delhi Distribution,9939,881,$144.48
SHOE-58256,Socks - US 11,Delhi Distribution,9088,53,$54.96
PANTS-19267,Slim Fit Jeans - 32x32,Surat Central Warehouse,9298,531,$8.60
TSHIRT-30302,Cotton T-Shirt - US 10,South Fulfillment Center,8819,647,$113.73
SHOE-34122,Athletic Shorts - 32x32,Delhi Distribution,165,399,$78.95
PANTS-72413,Athletic Shorts - US 9,South Fulfillment Center,1318,904,$20.55
PANTS-80137,Hoodie - Large (L),Delhi Distribution,5346,712,$96.04
SKU-AP-11477,Sweater - 32x32,Delhi Distribution,7846,650,$141.79
SKU-AP-57439,Sweater - 34x32,Regional Depot North,2369,933,$44.93
TSHIRT-31604,Cotton T-Shirt - Small (S),Mumbai Hub,4494,622,$50.89
SKU-AP-83970,Polo Shirt - Small (S),Mumbai Hub,5607,164,$110.71
SKU-AP-56829,Beanie Hat - US 9,South Fulfillment Center,6613,346,$40.47
SHOE-59228,Athletic Shorts - Extra Large (XL),Regional Depot North,2479,676,$39.59
JCKT-58058,Beanie Hat - Large (L),Delhi Distribution,1526,535,$79.87
JCKT-36848,Running Sneakers - Medium (M),Regional Depot North,2937,219,$26.85
TSHIRT-61187,Puffer Jacket - One Size,Mumbai Hub,6797,509,$28.61
SKU-AP-72856,Socks - 34x32,South Fulfillment Center,1240,265,$21.02
JCKT-15291,Slim Fit Jeans - One Size,Regional Depot North,41,210,$119.71
SKU-AP-20857,Puffer Jacket - 34x32,Delhi Distribution,1672,560,$103.29
JCKT-73628,Sweater - US 10,Regional Depot North,7823,384,$82.19
SHOE-90292,Slim Fit Jeans - US 10,Surat Central Warehouse,9841,162,$84.13
PANTS-28306,Athletic Shorts - 32x32,Regional Depot North,9468,299,$117.82
PANTS-97248,Polo Shirt - Large (L),South Fulfillment Center,7456,934,$128.07
SKU-AP-75999,Socks - US 11,Surat Central Warehouse,9728,157,$78.06
PANTS-42083,Beanie Hat - Extra Large (XL),Delhi Distribution,3755,571,$148.77
JCKT-5383,Polo Shirt - Medium (M),Delhi Distribution,5433,457,$102.51
TSHIRT-6979,Socks - US 10,Mumbai Hub,6750,190,$33.50
TSHIRT-55706,Sweater - Medium (M),Surat Central Warehouse,4280,845,$59.98
SHOE-88945,Hoodie - Extra Large (XL),Delhi Distribution,2130,484,$103.94
JCKT-62924,Cotton T-Shirt - 34x32,Mumbai Hub,4503,797,$8.98
JCKT-62971,Polo Shirt - Large (L),Regional Depot North,3980,507,$122.50
SKU-AP-12045,Running Sneakers - Medium (M),Regional Depot North,4055,814,$10.16
JCKT-11222,Athletic Shorts - Large (L),Regional Depot North,1837,448,$58.06
SKU-AP-52740,Puffer Jacket - One Size,Mumbai Hub,1943,396,$90.87
TSHIRT-8664,Socks - US 11,Mumbai Hub,8554,144,$6.60
SHOE-17121,Slim Fit Jeans - 32x32,Surat Central Warehouse,256,849,$35.20
SHOE-56676,Sweater - US 10,Regional Depot North,4292,521,$78.30
SKU-AP-26457,Polo Shirt - Large (L),Surat Central Warehouse,2096,829,$83.48
SHOE-80444,Polo Shirt - Medium (M),South Fulfillment Center,7566,220,$87.49
JCKT-64495,Polo Shirt - Medium (M),South Fulfillment Center,8544,938,$124.88
JCKT-35078,Cotton T-Shirt - US 10,South Fulfillment Center,9476,461,$14.78
JCKT-63587,Beanie Hat - One Size,Delhi Distribution,5641,868,$46.97
SHOE-69594,Beanie Hat - Large (L),Delhi Distribution,4728,937,$61.79
SHOE-64311,Cotton T-Shirt - Extra Large (XL),Surat Central Warehouse,2461,164,$144.33
TSHIRT-10955,Slim Fit Jeans - 32x32,Delhi Distribution,3792,291,$139.65
JCKT-34917,Hoodie - Extra Large (XL),Mumbai Hub,1377,468,$62.58
PANTS-67857,Slim Fit Jeans - Extra Large (XL),Surat Central Warehouse,3172,280,$46.29
SKU-AP-75997,Cotton T-Shirt - Small (S),Surat Central Warehouse,199,975,$73.76
TSHIRT-98841,Running Sneakers - US 10,South Fulfillment Center,8357,903,$118.57
PANTS-70131,Beanie Hat - Medium (M),Regional Depot North,5841,141,$110.03
SKU-AP-18855,Polo Shirt - 32x32,South Fulfillment Center,8330,263,$100.44
SKU-AP-58408,Socks - US 10,Delhi Distribution,1056,624,$148.48
PANTS-39288,Running Sneakers - Extra Large (XL),Surat Central Warehouse,5525,922,$40.39
PANTS-58197,Hoodie - US 11,Mumbai Hub,4646,360,$102.67
PANTS-80078,Puffer Jacket - Large (L),Regional Depot North,5936,771,$140.98
SHOE-57434,Puffer Jacket - Medium (M),Delhi Distribution,1102,577,$26.01
SHOE-99085,Hoodie - 34x32,Delhi Distribution,425,123,$121.01
JCKT-67934,Hoodie - 34x32,Delhi Distribution,9693,914,$61.99
JCKT-81479,Slim Fit Jeans - Medium (M),Mumbai Hub,1272,387,$13.59
SKU-AP-55457,Puffer Jacket - 34x32,Delhi Distribution,6812,531,$11.56
SHOE-26987,Running Sneakers - 32x32,Regional Depot North,2439,697,$58.73
TSHIRT-17512,Puffer Jacket - One Size,Mumbai Hub,5522,575,$130.28
SHOE-79868,Cotton T-Shirt - US 11,Regional Depot North,4045,265,$62.45
JCKT-58237,Cotton T-Shirt - Extra Large (XL),South Fulfillment Center,2927,100,$112.54
TSHIRT-60823,Running Sneakers - US 9,Regional Depot North,4389,564,$69.61
PANTS-86962,Cotton T-Shirt - 34x32,Mumbai Hub,3641,882,$73.49
PANTS-78721,Puffer Jacket - One Size,Delhi Distribution,9638,422,$52.37
SHOE-45890,Athletic Shorts - 32x32,Delhi Distribution,2661,290,$60.61
JCKT-2411,Hoodie - Small (S),Surat Central Warehouse,4507,827,$23.37
SKU-AP-64379,Polo Shirt - Extra Large (XL),Delhi Distribution,32,679,$30.14
JCKT-80071,Cotton T-Shirt - 34x32,Regional Depot North,41,477,$141.30
SKU-AP-78499,Athletic Shorts - Medium (M),Surat Central Warehouse,6037,849,$83.75
SKU-AP-17522,Polo Shirt - Extra Large (XL),Surat Central Warehouse,1231,368,$137.57
JCKT-55387,Beanie Hat - Extra Large (XL),Mumbai Hub,2364,861,$76.27
PANTS-55305,Cotton T-Shirt - One Size,South Fulfillment Center,187,633,$104.35
TSHIRT-79902,Puffer Jacket - US 11,Mumbai Hub,3995,198,$47.20
PANTS-55846,Puffer Jacket - One Size,South Fulfillment Center,9241,452,$66.08
PANTS-96162,Cotton T-Shirt - US 9,Surat Central Warehouse,4313,679,$99.96
SKU-AP-19961,Running Sneakers - 32x32,South Fulfillment Center,4107,721,$89.58
SKU-AP-67028,Puffer Jacket - 34x32,Delhi Distribution,1899,731,$146.61
SHOE-91074,Puffer Jacket - Medium (M),Mumbai Hub,5538,490,$74.09
PANTS-18456,Athletic Shorts - Extra Large (XL),South Fulfillment Center,5799,111,$78.64
SHOE-21052,Puffer Jacket - Medium (M),Delhi Distribution,4083,483,$135.65
TSHIRT-95489,Cotton T-Shirt - US 10,Delhi Distribution,7691,252,$7.36
SHOE-47368,Puffer Jacket - 32x32,South Fulfillment Center,6249,214,$138.28
SKU-AP-43366,Cotton T-Shirt - US 11,South Fulfillment Center,6711,583,$41.06
SKU-AP-78843,Socks - Medium (M),South Fulfillment Center,9875,393,$93.90
JCKT-39916,Socks - Large (L),Delhi Distribution,5518,576,$10.17
TSHIRT-11937,Socks - US 10,Surat Central Warehouse,8057,544,$85.98
PANTS-76738,Athletic Shorts - US 9,Delhi Distribution,655,415,$11.66
TSHIRT-74264,Athletic Shorts - 32x32,South Fulfillment Center,9516,359,$69.53
TSHIRT-31781,Beanie Hat - Large (L),Regional Depot North,5378,645,$138.63
SKU-AP-98424,Sweater - Small (S),Mumbai Hub,1090,179,$25.92
PANTS-81263,Hoodie - Medium (M),Delhi Distribution,1291,872,$100.56
PANTS-3774,Polo Shirt - Extra Large (XL),Delhi Distribution,7748,625,$80.20
TSHIRT-80026,Beanie Hat - Large (L),Delhi Distribution,3581,480,$127.86
SKU-AP-40224,Socks - Small (S),Mumbai Hub,2711,670,$58.14
PANTS-16540,Hoodie - Small (S),Mumbai Hub,2232,811,$104.03
PANTS-88186,Polo Shirt - US 9,Mumbai Hub,3117,370,$5.31
PANTS-91612,Athletic Shorts - 34x32,South Fulfillment Center,5362,337,$49.09
PANTS-19105,Hoodie - US 10,South Fulfillment Center,7565,118,$75.69
SKU-AP-98593,Socks - US 10,Regional Depot North,8768,716,$139.38
TSHIRT-23460,Cotton T-Shirt - US 9,Surat Central Warehouse,6022,100,$10.44
TSHIRT-82174,Hoodie - Small (S),Mumbai Hub,9740,276,$65.07
SHOE-39393,Polo Shirt - Extra Large (XL),Regional Depot North,7708,995,$111.35
SHOE-84856,Slim Fit Jeans - Small (S),Surat Central Warehouse,6654,385,$74.05
SHOE-65296,Sweater - 32x32,Delhi Distribution,1996,661,$4.47
TSHIRT-75325,Polo Shirt - US 10,Mumbai Hub,8425,210,$11.33
SHOE-10933,Beanie Hat - One Size,South Fulfillment Center,9703,956,$132.81
JCKT-94209,Slim Fit Jeans - US 9,Mumbai Hub,5215,266,$23.99
SKU-AP-57597,Sweater - Large (L),Mumbai Hub,2235,274,$103.84
SHOE-76906,Hoodie - 34x32,Surat Central Warehouse,3625,673,$104.11
PANTS-7338,Beanie Hat - One Size,South Fulfillment Center,2106,682,$9.53
SKU-AP-60895,Sweater - Large (L),Regional Depot North,7115,896,$110.63
SKU-AP-44670,Cotton T-Shirt - Medium (M),Mumbai Hub,3454,641,$95.51
PANTS-8227,Socks - Medium (M),Delhi Distribution,5429,163,$89.23
SKU-AP-91649,Puffer Jacket - 32x32,Delhi Distribution,3357,95,$56.86
TSHIRT-7203,Beanie Hat - Small (S),Surat Central Warehouse,4315,441,$80.36
SHOE-1233,Sweater - Large (L),South Fulfillment Center,1627,743,$147.04
PANTS-10569,Puffer Jacket - 34x32,Mumbai Hub,3614,626,$69.07
SHOE-53546,Sweater - US 10,Mumbai Hub,6417,761,$20.07
SKU-AP-83170,Socks - One Size,South Fulfillment Center,5039,434,$106.72
PANTS-62575,Socks - One Size,Regional Depot North,1134,592,$69.05
JCKT-33481,Puffer Jacket - Small (S),Regional Depot North,4928,444,$30.09
PANTS-94944,Slim Fit Jeans - 32x32,Regional Depot North,3900,916,$53.66
TSHIRT-52883,Athletic Shorts - US 11,Regional Depot North,9181,629,$55.02
TSHIRT-38113,Hoodie - US 10,Surat Central Warehouse,4781,721,$36.81
JCKT-17283,Socks - US 9,Surat Central Warehouse,926,666,$67.45
JCKT-56412,Athletic Shorts - US 10,Mumbai Hub,4182,871,$111.80
JCKT-51134,Hoodie - 32x32,South Fulfillment Center,5603,393,$135.67
JCKT-88088,Athletic Shorts - 32x32,Mumbai Hub,2478,446,$87.73
JCKT-49187,Puffer Jacket - 34x32,Surat Central Warehouse,8584,740,$48.22
PANTS-44309,Athletic Shorts - US 10,Regional Depot North,3028,134,$110.75
TSHIRT-80240,Slim Fit Jeans - One Size,Delhi Distribution,6099,977,$107.70
TSHIRT-66433,Slim Fit Jeans - US 10,Delhi Distribution,7949,659,$59.22
TSHIRT-26055,Beanie Hat - US 11,Regional Depot North,8173,277,$32.29
SKU-AP-82507,Puffer Jacket - One Size,Regional Depot North,7027,252,$5.20
PANTS-4512,Hoodie - 32x32,Delhi Distribution,3066,316,$29.01
SKU-AP-26988,Slim Fit Jeans - Large (L),Surat Central Warehouse,2166,936,$21.17
SKU-AP-5482,Hoodie - 32x32,Surat Central Warehouse,3389,819,$71.99
SHOE-26211,Slim Fit Jeans - US 11,Regional Depot North,5957,811,$111.52
SKU-AP-12896,Sweater - Large (L),South Fulfillment Center,708,933,$137.28
TSHIRT-79887,Beanie Hat - One Size,Regional Depot North,5885,82,$2.05
PANTS-50057,Beanie Hat - US 10,Surat Central Warehouse,3028,836,$122.65
SHOE-89942,Socks - US 10,Delhi Distribution,7336,601,$87.63
JCKT-85486,Slim Fit Jeans - 32x32,Regional Depot North,5172,130,$14.01
SHOE-37161,Running Sneakers - Small (S),Regional Depot North,8013,762,$25.30
SKU-AP-58472,Cotton T-Shirt - 34x32,South Fulfillment Center,2746,634,$37.43
SKU-AP-37318,Polo Shirt - US 9,Delhi Distribution,4321,85,$35.06
TSHIRT-90290,Socks - Medium (M),Surat Central Warehouse,157,209,$41.75
SHOE-20774,Slim Fit Jeans - Medium (M),Regional Depot North,5746,522,$83.64
SKU-AP-99062,Cotton T-Shirt - Extra Large (XL),Mumbai Hub,2311,858,$62.97
JCKT-93506,Hoodie - US 10,Mumbai Hub,9734,999,$138.51
SKU-AP-44485,Sweater - US 11,Mumbai Hub,1026,542,$79.75
TSHIRT-40181,Running Sneakers - 32x32,Mumbai Hub,1368,139,$127.06
TSHIRT-58945,Hoodie - Extra Large (XL),Surat Central Warehouse,3745,979,$135.11
PANTS-38517,Puffer Jacket - 34x32,Surat Central Warehouse,1151,903,$82.79
SHOE-2167,Cotton T-Shirt - One Size,South Fulfillment Center,9260,737,$114.86
PANTS-46014,Puffer Jacket - US 11,Surat Central Warehouse,3577,156,$40.43
JCKT-50519,Athletic Shorts - One Size,Regional Depot North,7851,246,$62.71
PANTS-20103,Puffer Jacket - Medium (M),Regional Depot North,432,840,$25.78
JCKT-7100,Athletic Shorts - One Size,Surat Central Warehouse,6096,982,$136.15
PANTS-19587,Sweater - US 11,Regional Depot North,8920,911,$43.08
SKU-AP-63169,Beanie Hat - Extra Large (XL),Surat Central Warehouse,7181,89,$115.87
SKU-AP-88127,Slim Fit Jeans - 32x32,Delhi Distribution,1878,866,$57.39
JCKT-64366,Sweater - Small (S),Surat Central Warehouse,5112,357,$15.05
PANTS-82581,Sweater - 34x32,Delhi Distribution,4929,675,$80.32
PANTS-62671,Puffer Jacket - US 11,Regional Depot North,3719,308,$60.15
SKU-AP-61475,Beanie Hat - US 11,Delhi Distribution,7417,712,$41.98
TSHIRT-64362,Running Sneakers - 32x32,Mumbai Hub,2300,417,$56.29
TSHIRT-99257,Running Sneakers - US 11,South Fulfillment Center,9560,854,$54.32
SHOE-93466,Athletic Shorts - 34x32,Mumbai Hub,1570,576,$132.10
SHOE-97172,Beanie Hat - US 9,Surat Central Warehouse,748,620,$81.63
PANTS-36797,Socks - Extra Large (XL),South Fulfillment Center,2101,91,$95.39
SHOE-24065,Socks - US 10,Delhi Distribution,2637,318,$12.31
JCKT-14104,Puffer Jacket - US 10,South Fulfillment Center,8675,293,$121.35
PANTS-42068,Running Sneakers - Medium (M),South Fulfillment Center,4511,503,$121.67
SKU-AP-29749,Athletic Shorts - 34x32,Mumbai Hub,6205,901,$16.80
SHOE-74910,Slim Fit Jeans - Small (S),Mumbai Hub,4102,348,$10.31
TSHIRT-60834,Slim Fit Jeans - 34x32,Regional Depot North,1465,959,$134.76
TSHIRT-69029,Sweater - Small (S),Delhi Distribution,83,115,$136.20
SHOE-5695,Hoodie - Large (L),Mumbai Hub,8716,493,$104.58
TSHIRT-75377,Puffer Jacket - Extra Large (XL),Mumbai Hub,5981,768,$27.47
SHOE-14250,Beanie Hat - Small (S),Regional Depot North,8978,76,$109.72
SHOE-16286,Socks - US 11,Regional Depot North,5788,280,$11.04
PANTS-36976,Socks - Extra Large (XL),Regional Depot North,4428,589,$109.12
JCKT-19656,Polo Shirt - Medium (M),Delhi Distribution,2281,725,$104.34
PANTS-87712,Polo Shirt - US 10,Mumbai Hub,2287,488,$43.98
TSHIRT-78628,Sweater - 34x32,Surat Central Warehouse,7143,927,$146.61
SHOE-67041,Hoodie - Extra Large (XL),Delhi Distribution,6189,267,$32.73
JCKT-73150,Slim Fit Jeans - Small (S),Delhi Distribution,9538,683,$67.68
SKU-AP-84192,Slim Fit Jeans - US 9,Surat Central Warehouse,3805,103,$143.15
TSHIRT-34301,Socks - Small (S),Delhi Distribution,1523,752,$2.69
SHOE-84078,Beanie Hat - Large (L),Regional Depot North,9983,336,$74.55
SKU-AP-83604,Slim Fit Jeans - Large (L),Regional Depot North,6512,80,$132.89
JCKT-77264,Cotton T-Shirt - US 10,Delhi Distribution,5268,827,$111.83
PANTS-22818,Cotton T-Shirt - One Size,South Fulfillment Center,9737,147,$118.11
JCKT-69412,Cotton T-Shirt - US 11,Surat Central Warehouse,1944,985,$16.65
JCKT-93896,Puffer Jacket - Extra Large (XL),Delhi Distribution,9334,725,$130.43
JCKT-84279,Athletic Shorts - Medium (M),Regional Depot North,2346,584,$135.79
SKU-AP-71080,Socks - One Size,South Fulfillment Center,2495,819,$95.85
SKU-AP-25537,Cotton T-Shirt - US 11,Mumbai Hub,5405,683,$31.57
SHOE-45311,Running Sneakers - One Size,Surat Central Warehouse,5969,811,$83.28
TSHIRT-38111,Athletic Shorts - US 9,Mumbai Hub,5537,105,$74.98
SKU-AP-9887,Polo Shirt - US 9,Regional Depot North,1916,491,$65.00
SHOE-40745,Sweater - One Size,Regional Depot North,7077,386,$60.11
SKU-AP-78728,Running Sneakers - Large (L),Mumbai Hub,9159,976,$119.96
JCKT-85927,Slim Fit Jeans - Small (S),Surat Central Warehouse,381,815,$119.11
PANTS-3504,Athletic Shorts - Small (S),Mumbai Hub,6211,881,$49.15
PANTS-15049,Puffer Jacket - US 10,Regional Depot North,2890,701,$48.71
PANTS-62638,Hoodie - US 11,Surat Central Warehouse,8662,363,$29.89
SKU-AP-69864,Polo Shirt - 34x32,Delhi Distribution,6563,847,$65.61
TSHIRT-20903,Slim Fit Jeans - Large (L),Surat Central Warehouse,5399,235,$33.38
SKU-AP-90025,Running Sneakers - Extra Large (XL),Mumbai Hub,3407,916,$112.20
JCKT-70833,Beanie Hat - Small (S),Surat Central Warehouse,8856,425,$33.97
TSHIRT-32195,Athletic Shorts - Large (L),Regional Depot North,835,817,$147.13
SKU-AP-55333,Sweater - Medium (M),South Fulfillment Center,1499,467,$145.31
SKU-AP-99095,Running Sneakers - US 9,South Fulfillment Center,3816,253,$49.69
SHOE-63494,Socks - Medium (M),Delhi Distribution,9914,689,$70.42
SHOE-88365,Running Sneakers - Large (L),Mumbai Hub,1466,341,$85.16
SHOE-73526,Slim Fit Jeans - US 9,Delhi Distribution,3005,551,$27.11
SHOE-73480,Athletic Shorts - US 10,Delhi Distribution,9735,867,$144.06
PANTS-30992,Hoodie - Extra Large (XL),Regional Depot North,4419,715,$16.40
TSHIRT-42373,Sweater - Large (L),Regional Depot North,4850,967,$11.21
SKU-AP-75951,Cotton T-Shirt - US 11,Mumbai Hub,2911,453,$122.16
TSHIRT-12008,Slim Fit Jeans - US 10,South Fulfillment Center,1202,132,$18.38
JCKT-79193,Polo Shirt - 34x32,South Fulfillment Center,8498,369,$25.26
JCKT-58733,Athletic Shorts - 34x32,South Fulfillment Center,7442,838,$95.87
JCKT-5841,Hoodie - Medium (M),Regional Depot North,3358,593,$83.34
PANTS-1793,Cotton T-Shirt - US 10,Delhi Distribution,6409,548,$22.33
SKU-AP-91591,Polo Shirt - Small (S),Mumbai Hub,9723,798,$76.26
SHOE-86098,Cotton T-Shirt - Large (L),Surat Central Warehouse,3120,532,$133.73
SKU-AP-95330,Hoodie - US 9,Surat Central Warehouse,8866,967,$63.35
JCKT-14741,Sweater - 34x32,South Fulfillment Center,404,147,$25.13
JCKT-4979,Athletic Shorts - Extra Large (XL),South Fulfillment Center,463,799,$28.65
JCKT-58400,Athletic Shorts - One Size,Delhi Distribution,4299,420,$25.83
TSHIRT-40066,Beanie Hat - One Size,Mumbai Hub,1904,975,$28.29
JCKT-67413,Slim Fit Jeans - Large (L),Mumbai Hub,399,694,$65.56
SKU-AP-59864,Socks - Extra Large (XL),South Fulfillment Center,5781,112,$138.62
TSHIRT-65650,Sweater - 32x32,Mumbai Hub,6105,755,$53.11
PANTS-24095,Sweater - 32x32,Surat Central Warehouse,2636,170,$106.63
JCKT-15142,Puffer Jacket - Large (L),Surat Central Warehouse,4935,533,$145.65
TSHIRT-40863,Puffer Jacket - US 9,Delhi Distribution,7141,783,$113.55
SKU-AP-73353,Cotton T-Shirt - US 11,Delhi Distribution,2472,492,$70.15
SHOE-24416,Polo Shirt - 34x32,Delhi Distribution,3074,964,$129.68
SHOE-97572,Puffer Jacket - 32x32,Delhi Distribution,2769,133,$74.27
TSHIRT-32104,Running Sneakers - US 11,Surat Central Warehouse,3971,749,$92.82
TSHIRT-10860,Slim Fit Jeans - Extra Large (XL),Surat Central Warehouse,5829,498,$33.51
JCKT-68912,Running Sneakers - 32x32,Surat Central Warehouse,8480,249,$63.53
PANTS-71637,Cotton T-Shirt - 34x32,Delhi Distribution,382,777,$74.78
TSHIRT-93001,Hoodie - 34x32,South Fulfillment Center,5889,167,$58.47
SKU-AP-22535,Socks - US 9,Regional Depot North,3747,636,$87.88
SKU-AP-16277,Cotton T-Shirt - Extra Large (XL),Mumbai Hub,8967,65,$51.04
TSHIRT-98434,Beanie Hat - US 11,Surat Central Warehouse,1803,720,$71.34
TSHIRT-3858,Hoodie - 34x32,Mumbai Hub,3198,469,$23.32
SHOE-23825,Puffer Jacket - One Size,Surat Central Warehouse,9093,783,$90.11
TSHIRT-5259,Polo Shirt - Medium (M),Delhi Distribution,4956,253,$29.59
TSHIRT-86154,Cotton T-Shirt - Large (L),South Fulfillment Center,1944,100,$142.75
JCKT-88001,Athletic Shorts - US 10,Regional Depot North,830,962,$97.26
JCKT-89720,Cotton T-Shirt - US 10,Mumbai Hub,6939,957,$121.68
JCKT-77691,Running Sneakers - Large (L),South Fulfillment Center,6226,856,$113.86
JCKT-36195,Socks - US 10,Regional Depot North,1304,616,$146.51
SHOE-19921,Beanie Hat - 32x32,Surat Central Warehouse,9154,199,$40.14
JCKT-83751,Polo Shirt - Extra Large (XL),Surat Central Warehouse,5829,648,$41.21
SKU-AP-60558,Hoodie - Large (L),Surat Central Warehouse,1195,79,$10.07
TSHIRT-93046,Hoodie - US 10,South Fulfillment Center,4398,416,$148.28
TSHIRT-82852,Slim Fit Jeans - US 10,Regional Depot North,4522,857,$134.04
JCKT-70978,Running Sneakers - 32x32,South Fulfillment Center,4500,104,$81.31
TSHIRT-20882,Hoodie - US 10,Delhi Distribution,3182,357,$50.10
JCKT-41720,Puffer Jacket - Medium (M),South Fulfillment Center,547,972,$77.72
TSHIRT-4329,Running Sneakers - One Size,Surat Central Warehouse,4154,335,$18.72
PANTS-7410,Slim Fit Jeans - 34x32,Mumbai Hub,6280,109,$30.64
SHOE-67211,Running Sneakers - US 10,Delhi Distribution,8946,711,$13.80
TSHIRT-92741,Hoodie - Small (S),Regional Depot North,3019,618,$6.93
SHOE-92033,Athletic Shorts - Extra Large (XL),Delhi Distribution,9644,273,$32.65
PANTS-47813,Beanie Hat - 32x32,Regional Depot North,2772,566,$143.83
SHOE-59250,Hoodie - One Size,Regional Depot North,8727,616,$149.22
PANTS-76418,Puffer Jacket - 32x32,Surat Central Warehouse,8315,387,$5.82
JCKT-61679,Athletic Shorts - Medium (M),Delhi Distribution,816,486,$36.23
SKU-AP-42099,Polo Shirt - Medium (M),South Fulfillment Center,7405,283,$42.54
PANTS-53229,Athletic Shorts - 34x32,South Fulfillment Center,2373,399,$36.58
PANTS-24487,Running Sneakers - Extra Large (XL),Surat Central Warehouse,1209,697,$82.89
SKU-AP-92958,Slim Fit Jeans - 34x32,Regional Depot North,8846,287,$84.36
SHOE-28848,Socks - US 11,Mumbai Hub,5055,260,$116.76
TSHIRT-49499,Puffer Jacket - US 11,Surat Central Warehouse,4354,76,$80.98
SKU-AP-94804,Hoodie - Extra Large (XL),Regional Depot North,6780,562,$90.21
PANTS-55183,Slim Fit Jeans - One Size,Surat Central Warehouse,6946,782,$5.70
PANTS-27082,Running Sneakers - 34x32,Surat Central Warehouse,8838,196,$72.89
TSHIRT-10060,Puffer Jacket - Extra Large (XL),Surat Central Warehouse,2050,704,$138.23
PANTS-18074,Beanie Hat - US 11,Mumbai Hub,5126,381,$34.06
SKU-AP-14509,Slim Fit Jeans - Large (L),Delhi Distribution,2413,736,$107.71
PANTS-7743,Athletic Shorts - Extra Large (XL),Delhi Distribution,3890,727,$68.96
SHOE-84029,Hoodie - 32x32,Delhi Distribution,6393,519,$30.27
SKU-AP-24713,Polo Shirt - US 9,Delhi Distribution,7997,182,$116.12
JCKT-78145,Sweater - 32x32,South Fulfillment Center,89,886,$62.41
PANTS-6785,Cotton T-Shirt - Medium (M),Regional Depot North,8864,871,$122.43
SHOE-61058,Cotton T-Shirt - Medium (M),South Fulfillment Center,2170,754,$14.62
JCKT-37643,Socks - 34x32,Mumbai Hub,739,754,$140.22
SHOE-21824,Beanie Hat - 32x32,Delhi Distribution,8731,483,$73.42
PANTS-54170,Cotton T-Shirt - US 9,Regional Depot North,1681,914,$14.05
SHOE-22811,Hoodie - Medium (M),Regional Depot North,5384,277,$13.58
SKU-AP-53615,Slim Fit Jeans - Extra Large (XL),Mumbai Hub,698,61,$12.05
SHOE-3508,Running Sneakers - One Size,Mumbai Hub,9425,497,$149.87
SHOE-10200,Socks - US 10,Regional Depot North,4145,67,$98.87
JCKT-97231,Slim Fit Jeans - US 11,Surat Central Warehouse,4537,206,$110.52
SKU-AP-14974,Hoodie - US 10,South Fulfillment Center,6704,526,$26.52
TSHIRT-81500,Polo Shirt - 32x32,Regional Depot North,1003,662,$32.22
TSHIRT-29626,Sweater - Extra Large (XL),Regional Depot North,5000,489,$84.02
JCKT-7352,Polo Shirt - Extra Large (XL),South Fulfillment Center,6012,66,$32.13
SHOE-81421,Puffer Jacket - Large (L),Delhi Distribution,2427,148,$32.54
JCKT-42264,Cotton T-Shirt - Large (L),Surat Central Warehouse,6028,402,$87.91
SHOE-99191,Sweater - Extra Large (XL),Regional Depot North,8571,979,$142.87
TSHIRT-69531,Beanie Hat - Large (L),South Fulfillment Center,3275,645,$115.12
SKU-AP-74338,Athletic Shorts - 34x32,Surat Central Warehouse,6197,757,$52.96
JCKT-64098,Beanie Hat - Medium (M),South Fulfillment Center,613,572,$142.78
TSHIRT-73392,Socks - 32x32,Delhi Distribution,920,600,$107.72
TSHIRT-33178,Cotton T-Shirt - US 11,Delhi Distribution,9910,255,$132.96
JCKT-52335,Sweater - 34x32,Surat Central Warehouse,7405,449,$16.10
SKU-AP-72243,Puffer Jacket - Extra Large (XL),Regional Depot North,7322,800,$137.69
TSHIRT-50386,Sweater - US 10,South Fulfillment Center,3974,531,$64.46
JCKT-86394,Running Sneakers - 32x32,Delhi Distribution,9038,557,$110.62
SHOE-34348,Cotton T-Shirt - Extra Large (XL),Mumbai Hub,4905,534,$117.20
JCKT-3333,Beanie Hat - US 10,South Fulfillment Center,4947,427,$34.51
SKU-AP-22754,Athletic Shorts - 34x32,Surat Central Warehouse,8360,305,$15.16
SKU-AP-10255,Athletic Shorts - Large (L),Delhi Distribution,9526,937,$11.92
SKU-AP-46540,Slim Fit Jeans - Medium (M),South Fulfillment Center,4097,172,$143.83
PANTS-37699,Cotton T-Shirt - Extra Large (XL),Mumbai Hub,8760,265,$74.78
TSHIRT-42907,Sweater - 32x32,Surat Central Warehouse,7265,655,$63.77
JCKT-51661,Polo Shirt - Medium (M),Delhi Distribution,8159,414,$114.94
SKU-AP-60775,Cotton T-Shirt - US 11,Regional Depot North,772,955,$23.15
SKU-AP-53127,Sweater - One Size,South Fulfillment Center,14,797,$6.43
SHOE-10877,Socks - Small (S),South Fulfillment Center,8983,677,$3.10
SKU-AP-17272,Beanie Hat - Medium (M),Surat Central Warehouse,6029,673,$116.30
PANTS-69670,Socks - US 9,Surat Central Warehouse,2448,411,$143.10
TSHIRT-62935,Socks - Small (S),Delhi Distribution,9153,213,$61.17
PANTS-70198,Sweater - 32x32,South Fulfillment Center,7780,514,$79.35
SHOE-85308,Slim Fit Jeans - One Size,Mumbai Hub,1406,294,$4.32
SKU-AP-25414,Cotton T-Shirt - 34x32,Mumbai Hub,3418,697,$139.00
PANTS-34746,Polo Shirt - US 9,Delhi Distribution,7549,805,$66.42
SKU-AP-87162,Puffer Jacket - US 11,Surat Central Warehouse,2963,844,$87.28
SHOE-3497,Puffer Jacket - Extra Large (XL),Delhi Distribution,5316,253,$115.92
SKU-AP-21193,Slim Fit Jeans - 34x32,Delhi Distribution,4239,139,$66.60
SHOE-44181,Cotton T-Shirt - Extra Large (XL),South Fulfillment Center,5636,147,$59.17
PANTS-84849,Polo Shirt - US 9,Delhi Distribution,704,232,$14.04
SKU-AP-87412,Beanie Hat - Large (L),South Fulfillment Center,8438,126,$79.19
JCKT-88858,Running Sneakers - One Size,Surat Central Warehouse,7542,219,$40.90
TSHIRT-2755,Puffer Jacket - Large (L),South Fulfillment Center,1025,527,$62.84
JCKT-79158,Slim Fit Jeans - Small (S),Regional Depot North,9256,299,$135.80
PANTS-2957,Polo Shirt - Medium (M),Regional Depot North,7367,419,$122.83
PANTS-6327,Puffer Jacket - Medium (M),Regional Depot North,8410,735,$121.07
TSHIRT-84943,Beanie Hat - US 10,Mumbai Hub,1230,480,$67.96
TSHIRT-99171,Beanie Hat - US 9,South Fulfillment Center,3050,707,$135.64
TSHIRT-21737,Puffer Jacket - 32x32,Regional Depot North,7998,801,$22.56
TSHIRT-90482,Polo Shirt - 34x32,South Fulfillment Center,2866,680,$138.80
PANTS-24941,Slim Fit Jeans - 34x32,South Fulfillment Center,2944,952,$77.91
JCKT-1628,Running Sneakers - Small (S),Delhi Distribution,3777,123,$137.37
TSHIRT-13970,Polo Shirt - Extra Large (XL),Surat Central Warehouse,8192,251,$132.39
TSHIRT-87360,Running Sneakers - 34x32,Surat Central Warehouse,9031,128,$60.55
JCKT-4730,Cotton T-Shirt - Extra Large (XL),Mumbai Hub,3745,878,$127.38
JCKT-71043,Slim Fit Jeans - One Size,Surat Central Warehouse,4550,600,$97.69
PANTS-62431,Polo Shirt - 32x32,Surat Central Warehouse,258,726,$19.63
JCKT-92788,Hoodie - Extra Large (XL),Mumbai Hub,5357,214,$96.28
SKU-AP-2175,Socks - Extra Large (XL),South Fulfillment Center,2118,75,$18.04
SKU-AP-63587,Running Sneakers - US 10,South Fulfillment Center,967,858,$29.71
TSHIRT-64708,Puffer Jacket - US 11,Mumbai Hub,7278,994,$48.65
PANTS-3781,Hoodie - Medium (M),South Fulfillment Center,8679,711,$13.07
SKU-AP-88378,Hoodie - US 9,Surat Central Warehouse,130,308,$68.83
SKU-AP-92640,Running Sneakers - 32x32,South Fulfillment Center,4540,346,$105.57
PANTS-16095,Polo Shirt - One Size,Surat Central Warehouse,1776,131,$90.79
PANTS-27166,Socks - 32x32,Surat Central Warehouse,8522,191,$76.76
TSHIRT-43228,Beanie Hat - One Size,Mumbai Hub,7743,237,$102.30
TSHIRT-96502,Puffer Jacket - Large (L),South Fulfillment Center,4058,239,$19.69
TSHIRT-27019,Cotton T-Shirt - 32x32,Surat Central Warehouse,8112,575,$45.08
TSHIRT-52150,Beanie Hat - US 9,Surat Central Warehouse,5937,862,$6.69
TSHIRT-23036,Socks - Large (L),Surat Central Warehouse,435,853,$39.20
PANTS-80560,Puffer Jacket - One Size,Regional Depot North,7813,489,$26.98
PANTS-93803,Hoodie - Large (L),Surat Central Warehouse,3141,233,$121.39
PANTS-45699,Athletic Shorts - 34x32,Delhi Distribution,7803,398,$34.94
JCKT-8840,Slim Fit Jeans - One Size,South Fulfillment Center,4008,358,$82.91
JCKT-5544,Slim Fit Jeans - Large (L),Delhi Distribution,3605,161,$64.78
SHOE-28543,Slim Fit Jeans - Small (S),Regional Depot North,2555,890,$93.62
SKU-AP-99678,Slim Fit Jeans - Extra Large (XL),Mumbai Hub,9382,750,$52.65
SHOE-74953,Socks - Medium (M),Delhi Distribution,5850,274,$63.72
PANTS-94571,Polo Shirt - 32x32,Mumbai Hub,6973,905,$75.86
PANTS-8799,Puffer Jacket - US 10,South Fulfillment Center,3745,186,$44.03
JCKT-24698,Sweater - Extra Large (XL),Regional Depot North,4525,612,$9.02
SHOE-77791,Cotton T-Shirt - 32x32,Mumbai Hub,2575,998,$11.58
TSHIRT-43043,Hoodie - 34x32,Delhi Distribution,6765,415,$124.37
JCKT-55392,Athletic Shorts - 34x32,South Fulfillment Center,8489,297,$137.31
PANTS-64850,Slim Fit Jeans - Large (L),Mumbai Hub,2009,866,$98.49
PANTS-36149,Beanie Hat - One Size,Regional Depot North,5311,193,$128.13
SKU-AP-88087,Hoodie - Extra Large (XL),South Fulfillment Center,9986,452,$43.59
SHOE-91326,Cotton T-Shirt - US 9,Mumbai Hub,5470,494,$138.00
SKU-AP-71881,Cotton T-Shirt - One Size,Regional Depot North,2942,330,$6.56
PANTS-84938,Polo Shirt - One Size,South Fulfillment Center,4258,66,$70.14
SHOE-95019,Cotton T-Shirt - US 10,Delhi Distribution,3835,225,$77.18
JCKT-51403,Cotton T-Shirt - One Size,Mumbai Hub,1306,293,$56.04
SHOE-90295,Athletic Shorts - Small (S),Mumbai Hub,1036,214,$139.91
SHOE-70203,Running Sneakers - 34x32,South Fulfillment Center,1853,841,$89.78
JCKT-83943,Sweater - Small (S),Mumbai Hub,1149,290,$41.09
SKU-AP-70215,Hoodie - US 9,Mumbai Hub,2188,77,$36.72
JCKT-54287,Sweater - Medium (M),Delhi Distribution,5087,888,$122.13
SHOE-55709,Athletic Shorts - US 10,Delhi Distribution,5085,78,$124.40
PANTS-96476,Running Sneakers - 32x32,South Fulfillment Center,1018,871,$24.25
JCKT-18729,Athletic Shorts - 34x32,Delhi Distribution,975,750,$30.69
TSHIRT-79141,Athletic Shorts - One Size,Delhi Distribution,7519,407,$19.83
TSHIRT-56915,Running Sneakers - Medium (M),South Fulfillment Center,6413,774,$97.99
JCKT-57550,Sweater - US 11,Mumbai Hub,4019,607,$65.62
SHOE-87088,Beanie Hat - Medium (M),South Fulfillment Center,9167,645,$123.54
TSHIRT-7313,Athletic Shorts - US 9,Delhi Distribution,738,748,$36.66
TSHIRT-44473,Puffer Jacket - Small (S),Mumbai Hub,7518,977,$72.05
TSHIRT-25513,Sweater - Medium (M),Regional Depot North,1048,687,$35.69
SHOE-87330,Slim Fit Jeans - Medium (M),Delhi Distribution,2306,985,$5.51
SKU-AP-61929,Hoodie - US 10,Regional Depot North,374,55,$13.46
JCKT-98471,Puffer Jacket - 34x32,Surat Central Warehouse,9289,798,$63.47
JCKT-18963,Cotton T-Shirt - Extra Large (XL),Regional Depot North,4757,528,$125.81
JCKT-28490,Athletic Shorts - Large (L),Delhi Distribution,6395,206,$144.63
PANTS-83686,Socks - 34x32,South Fulfillment Center,1265,885,$86.81
SKU-AP-20165,Puffer Jacket - US 9,South Fulfillment Center,2632,277,$47.10
SHOE-10339,Running Sneakers - Medium (M),Surat Central Warehouse,7852,466,$89.65
JCKT-14011,Sweater - Large (L),Mumbai Hub,1209,674,$36.07
SKU-AP-46911,Beanie Hat - US 9,Delhi Distribution,6951,122,$83.28
PANTS-88288,Sweater - US 9,Delhi Distribution,9592,204,$125.94
TSHIRT-86655,Hoodie - One Size,Surat Central Warehouse,3317,417,$45.09
JCKT-90207,Athletic Shorts - Large (L),Regional Depot North,2485,920,$137.13
TSHIRT-74813,Running Sneakers - US 10,Surat Central Warehouse,9125,204,$145.64
SKU-AP-64497,Polo Shirt - One Size,Mumbai Hub,8952,958,$9.59
PANTS-50509,Running Sneakers - US 9,Regional Depot North,4384,858,$146.91
PANTS-66979,Puffer Jacket - 32x32,Surat Central Warehouse,9696,895,$45.15
SKU-AP-59072,Socks - Small (S),South Fulfillment Center,9532,697,$105.20
SHOE-3225,Running Sneakers - One Size,Regional Depot North,9307,289,$77.31
PANTS-18647,Slim Fit Jeans - Large (L),Mumbai Hub,4048,238,$70.68
SHOE-23931,Hoodie - US 9,Delhi Distribution,7056,750,$60.98
PANTS-27200,Hoodie - 34x32,Mumbai Hub,1235,962,$15.00
JCKT-38293,Slim Fit Jeans - One Size,Surat Central Warehouse,6417,882,$64.46
TSHIRT-40606,Socks - US 11,Regional Depot North,6631,719,$119.78
PANTS-61708,Slim Fit Jeans - 32x32,Mumbai Hub,1781,780,$39.51
SHOE-61159,Socks - US 9,Regional Depot North,5055,643,$48.11
JCKT-4474,Beanie Hat - US 10,Regional Depot North,4459,134,$62.39
PANTS-72353,Athletic Shorts - US 10,Regional Depot North,4076,69,$16.24
SHOE-1536,Beanie Hat - Medium (M),Delhi Distribution,8908,789,$36.25
TSHIRT-54275,Slim Fit Jeans - Small (S),Mumbai Hub,6010,428,$7.96
PANTS-38362,Polo Shirt - US 10,Delhi Distribution,610,400,$91.64
PANTS-66089,Puffer Jacket - 32x32,Regional Depot North,9176,640,$2.14
JCKT-73696,Beanie Hat - US 10,South Fulfillment Center,302,230,$11.71
SKU-AP-93515,Hoodie - Small (S),Surat Central Warehouse,1816,502,$75.23
SHOE-8292,Athletic Shorts - Extra Large (XL),Mumbai Hub,3126,195,$147.74
TSHIRT-25259,Slim Fit Jeans - US 9,South Fulfillment Center,3910,411,$104.48
SHOE-98673,Slim Fit Jeans - 34x32,Regional Depot North,554,399,$66.70
SKU-AP-19109,Cotton T-Shirt - Small (S),Surat Central Warehouse,2981,339,$101.35
TSHIRT-20632,Beanie Hat - US 9,Delhi Distribution,5961,902,$47.36
PANTS-17724,Puffer Jacket - 34x32,Mumbai Hub,4201,609,$96.02
PANTS-20017,Cotton T-Shirt - Extra Large (XL),Delhi Distribution,7930,62,$31.63
JCKT-54219,Beanie Hat - US 9,Regional Depot North,8876,476,$47.44
SHOE-92673,Puffer Jacket - 34x32,Delhi Distribution,1403,535,$24.25
PANTS-39028,Athletic Shorts - Medium (M),Surat Central Warehouse,3530,739,$127.65
SHOE-50457,Beanie Hat - US 11,Regional Depot North,4175,344,$126.33
SKU-AP-83512,Polo Shirt - US 9,Surat Central Warehouse,5546,501,$143.75
JCKT-16675,Socks - One Size,Delhi Distribution,115,596,$23.96
SHOE-23929,Slim Fit Jeans - US 9,Regional Depot North,413,528,$122.70
SKU-AP-64431,Slim Fit Jeans - US 9,Mumbai Hub,7324,733,$82.39
SHOE-78194,Athletic Shorts - Extra Large (XL),Regional Depot North,9538,755,$13.47
SHOE-45637,Socks - One Size,Delhi Distribution,6634,861,$134.88
JCKT-28563,Slim Fit Jeans - US 11,Mumbai Hub,5028,907,$56.80
TSHIRT-34622,Slim Fit Jeans - Extra Large (XL),Delhi Distribution,5299,968,$110.25
SHOE-52359,Slim Fit Jeans - US 10,Delhi Distribution,3655,894,$18.17
SHOE-11896,Socks - US 9,Surat Central Warehouse,2291,895,$130.45
TSHIRT-64228,Cotton T-Shirt - US 10,South Fulfillment Center,2648,56,$112.30
SKU-AP-19675,Running Sneakers - 34x32,Mumbai Hub,5547,980,$27.51
JCKT-6491,Slim Fit Jeans - Large (L),Regional Depot North,2142,144,$81.84
PANTS-4924,Hoodie - US 11,Surat Central Warehouse,270,87,$47.90
JCKT-23070,Cotton T-Shirt - US 11,Mumbai Hub,6638,186,$99.85
TSHIRT-73067,Slim Fit Jeans - Small (S),Regional Depot North,7385,541,$106.81
SKU-AP-2368,Hoodie - One Size,South Fulfillment Center,9934,398,$24.67
TSHIRT-56239,Athletic Shorts - Large (L),Regional Depot North,4148,548,$141.72
PANTS-4565,Running Sneakers - Medium (M),Delhi Distribution,201,740,$36.49
PANTS-86043,Beanie Hat - Medium (M),Regional Depot North,744,695,$31.53
PANTS-72392,Puffer Jacket - Large (L),Surat Central Warehouse,9569,730,$40.66
PANTS-43556,Puffer Jacket - US 11,South Fulfillment Center,7789,472,$8.61
SHOE-26329,Hoodie - Medium (M),Surat Central Warehouse,4420,753,$9.86
TSHIRT-49308,Sweater - Small (S),Delhi Distribution,2554,51,$44.70
TSHIRT-12979,Cotton T-Shirt - US 11,Surat Central Warehouse,7819,919,$120.13
SHOE-58426,Beanie Hat - Extra Large (XL),Surat Central Warehouse,2718,588,$133.43
SHOE-44240,Athletic Shorts - Small (S),Delhi Distribution,7796,206,$93.26
PANTS-37784,Athletic Shorts - Extra Large (XL),Regional Depot North,8694,365,$20.06
PANTS-22256,Sweater - Large (L),South Fulfillment Center,9240,814,$78.92
PANTS-38684,Athletic Shorts - Small (S),Regional Depot North,4123,278,$107.09
SKU-AP-41696,Polo Shirt - 34x32,South Fulfillment Center,8600,881,$144.46
TSHIRT-6957,Beanie Hat - 32x32,Mumbai Hub,4311,317,$132.08
SHOE-36370,Athletic Shorts - Medium (M),Delhi Distribution,640,980,$20.53
SHOE-11265,Slim Fit Jeans - US 9,Delhi Distribution,5457,302,$98.96
PANTS-87060,Cotton T-Shirt - 34x32,Mumbai Hub,2772,897,$78.85
JCKT-68271,Hoodie - US 9,South Fulfillment Center,8619,169,$71.37
JCKT-78071,Hoodie - 32x32,Regional Depot North,2505,934,$59.01
SHOE-6052,Sweater - 32x32,Surat Central Warehouse,5939,984,$67.86
SKU-AP-31433,Slim Fit Jeans - US 11,Surat Central Warehouse,2618,252,$105.82
JCKT-95865,Running Sneakers - US 10,Regional Depot North,7553,257,$56.51
SHOE-99442,Cotton T-Shirt - US 10,Surat Central Warehouse,338,989,$90.83
JCKT-85829,Polo Shirt - One Size,Delhi Distribution,4042,947,$103.43
TSHIRT-3703,Polo Shirt - 34x32,Surat Central Warehouse,3345,698,$105.00
PANTS-8770,Cotton T-Shirt - US 9,Mumbai Hub,6671,142,$41.79
SKU-AP-4217,Beanie Hat - Large (L),Delhi Distribution,6511,806,$117.14
SKU-AP-74255,Cotton T-Shirt - US 9,Delhi Distribution,5772,725,$64.91
SKU-AP-5303,Beanie Hat - One Size,Delhi Distribution,376,613,$78.68
TSHIRT-5508,Athletic Shorts - Large (L),Delhi Distribution,705,656,$27.21
JCKT-62552,Sweater - Large (L),Regional Depot North,902,956,$37.50
SKU-AP-41908,Running Sneakers - Large (L),Surat Central Warehouse,9803,380,$119.30
TSHIRT-16167,Puffer Jacket - Extra Large (XL),South Fulfillment Center,6494,917,$24.64
TSHIRT-84950,Socks - US 10,South Fulfillment Center,7453,688,$101.32
TSHIRT-78874,Socks - 34x32,South Fulfillment Center,3200,777,$123.16
TSHIRT-15456,Socks - Medium (M),Mumbai Hub,1477,241,$143.87
SKU-AP-41381,Socks - One Size,Delhi Distribution,6941,715,$106.25
JCKT-24297,Cotton T-Shirt - 34x32,Delhi Distribution,8353,671,$8.56
TSHIRT-4834,Slim Fit Jeans - One Size,Surat Central Warehouse,7418,217,$100.18
JCKT-48392,Socks - 32x32,Delhi Distribution,2370,758,$90.36
JCKT-39764,Cotton T-Shirt - Small (S),South Fulfillment Center,598,204,$90.41
SKU-AP-43876,Athletic Shorts - One Size,Surat Central Warehouse,7022,500,$130.51
PANTS-21446,Cotton T-Shirt - 34x32,Delhi Distribution,162,272,$97.22
PANTS-14094,Athletic Shorts - Large (L),Delhi Distribution,8556,758,$35.56
JCKT-42618,Socks - US 10,Regional Depot North,4808,619,$139.02
SHOE-80148,Slim Fit Jeans - US 11,Mumbai Hub,4406,215,$73.69
SKU-AP-52360,Socks - US 11,Delhi Distribution,4819,536,$100.78
TSHIRT-23167,Puffer Jacket - Medium (M),Regional Depot North,2676,240,$33.58
TSHIRT-33196,Hoodie - US 10,Surat Central Warehouse,4743,642,$8.17
SKU-AP-73180,Sweater - Extra Large (XL),Mumbai Hub,9599,714,$109.23
PANTS-89309,Athletic Shorts - US 11,South Fulfillment Center,1350,666,$88.72
TSHIRT-92157,Socks - Small (S),Regional Depot North,8602,461,$148.82
SKU-AP-82812,Cotton T-Shirt - US 10,Delhi Distribution,1770,210,$100.82
JCKT-9105,Slim Fit Jeans - US 9,Mumbai Hub,3983,395,$142.13
TSHIRT-46482,Socks - 32x32,Mumbai Hub,7314,721,$111.68
PANTS-91171,Running Sneakers - US 9,South Fulfillment Center,7122,459,$103.74
SKU-AP-34765,Sweater - 32x32,Delhi Distribution,8937,933,$103.42
PANTS-88139,Polo Shirt - Medium (M),South Fulfillment Center,9083,559,$49.06
SHOE-90720,Cotton T-Shirt - Medium (M),Mumbai Hub,5509,273,$68.63
SHOE-93684,Slim Fit Jeans - US 10,Delhi Distribution,6340,179,$92.32
JCKT-29895,Running Sneakers - Medium (M),Surat Central Warehouse,5846,506,$23.98
SHOE-54051,Athletic Shorts - Small (S),Delhi Distribution,869,143,$22.48
PANTS-26745,Beanie Hat - 32x32,Regional Depot North,7495,578,$8.47
JCKT-56540,Polo Shirt - 34x32,Surat Central Warehouse,7671,813,$21.66
SHOE-61713,Beanie Hat - Small (S),Mumbai Hub,7500,74,$62.56
SKU-AP-70451,Puffer Jacket - Extra Large (XL),Surat Central Warehouse,6310,182,$119.93
PANTS-26525,Slim Fit Jeans - US 11,Mumbai Hub,4631,720,$125.62
SKU-AP-30764,Running Sneakers - 32x32,Mumbai Hub,9540,289,$64.48
PANTS-69895,Socks - Medium (M),Regional Depot North,1158,309,$33.93
SHOE-18017,Slim Fit Jeans - US 9,Surat Central Warehouse,6735,305,$59.60
SKU-AP-49811,Puffer Jacket - 34x32,Surat Central Warehouse,2443,482,$126.02
SKU-AP-69707,Cotton T-Shirt - US 10,South Fulfillment Center,4614,255,$122.38
JCKT-64618,Puffer Jacket - 32x32,Regional Depot North,9496,420,$97.51
TSHIRT-93196,Socks - 34x32,Regional Depot North,3734,469,$67.04
JCKT-78848,Sweater - US 11,Surat Central Warehouse,9690,714,$120.75
PANTS-2480,Puffer Jacket - 32x32,Delhi Distribution,2941,771,$136.18
PANTS-79059,Beanie Hat - One Size,Delhi Distribution,185,734,$38.37
TSHIRT-44999,Polo Shirt - Large (L),Mumbai Hub,760,927,$110.29
SKU-AP-21887,Beanie Hat - Medium (M),Mumbai Hub,5811,370,$104.17
PANTS-25477,Cotton T-Shirt - One Size,Regional Depot North,6960,212,$56.87
SKU-AP-77014,Beanie Hat - US 11,South Fulfillment Center,6356,515,$129.93
JCKT-1098,Hoodie - US 11,South Fulfillment Center,3044,162,$138.63
SKU-AP-99369,Puffer Jacket - 34x32,Delhi Distribution,9269,142,$126.85
SKU-AP-62374,Athletic Shorts - Small (S),Surat Central Warehouse,9286,338,$6.45
TSHIRT-6227,Hoodie - One Size,Regional Depot North,7651,501,$140.79
TSHIRT-29849,Running Sneakers - 32x32,Mumbai Hub,4492,118,$129.41
SKU-AP-35831,Puffer Jacket - Small (S),Regional Depot North,4385,553,$31.95
TSHIRT-48449,Hoodie - 32x32,Mumbai Hub,7274,822,$79.65
TSHIRT-12652,Sweater - Small (S),Regional Depot North,8223,643,$111.09
SHOE-49745,Beanie Hat - US 11,South Fulfillment Center,2427,331,$24.50
TSHIRT-14403,Hoodie - One Size,South Fulfillment Center,8468,931,$143.23
TSHIRT-34978,Athletic Shorts - One Size,Regional Depot North,7036,87,$129.20
SKU-AP-5817,Beanie Hat - Small (S),Mumbai Hub,1322,851,$36.19
JCKT-72572,Polo Shirt - One Size,South Fulfillment Center,4560,705,$125.47
SHOE-69670,Beanie Hat - US 11,Delhi Distribution,9935,684,$88.06
SHOE-9493,Puffer Jacket - 32x32,Delhi Distribution,3931,845,$129.37
SHOE-27610,Cotton T-Shirt - US 10,South Fulfillment Center,8202,101,$32.66
SKU-AP-66968,Cotton T-Shirt - Extra Large (XL),Mumbai Hub,8302,316,$113.35
SHOE-44897,Athletic Shorts - Large (L),South Fulfillment Center,1138,471,$32.73
JCKT-29000,Beanie Hat - US 11,Mumbai Hub,2292,322,$36.17
TSHIRT-53563,Cotton T-Shirt - US 11,Surat Central Warehouse,565,458,$68.09
SHOE-7839,Athletic Shorts - Extra Large (XL),Delhi Distribution,5960,274,$119.87
PANTS-50351,Cotton T-Shirt - 34x32,South Fulfillment Center,3058,548,$46.03
TSHIRT-54519,Socks - Small (S),Regional Depot North,2908,123,$97.64
PANTS-72348,Hoodie - Small (S),South Fulfillment Center,7462,441,$143.73
TSHIRT-85396,Hoodie - Medium (M),Mumbai Hub,7720,830,$18.21
SHOE-84471,Cotton T-Shirt - Large (L),Surat Central Warehouse,7662,461,$100.96
JCKT-84653,Puffer Jacket - US 10,South Fulfillment Center,5670,89,$33.67
SKU-AP-49035,Running Sneakers - 34x32,Surat Central Warehouse,6484,132,$92.35
SKU-AP-11766,Athletic Shorts - US 11,Surat Central Warehouse,1453,164,$77.44
JCKT-51536,Polo Shirt - Medium (M),Regional Depot North,2309,246,$119.51
JCKT-6102,Puffer Jacket - Medium (M),Delhi Distribution,9840,300,$13.68
SKU-AP-90950,Slim Fit Jeans - 34x32,South Fulfillment Center,8482,470,$3.51
SHOE-46614,Cotton T-Shirt - 32x32,Surat Central Warehouse,2094,451,$27.77
SKU-AP-40073,Hoodie - US 11,Delhi Distribution,3800,274,$27.51
PANTS-24178,Socks - 32x32,South Fulfillment Center,9550,564,$93.58
SHOE-72762,Socks - Large (L),Regional Depot North,7186,470,$61.57
TSHIRT-2197,Socks - 34x32,Regional Depot North,2094,742,$16.27
TSHIRT-58778,Polo Shirt - 34x32,Surat Central Warehouse,3070,386,$116.15
PANTS-37739,Slim Fit Jeans - Extra Large (XL),Regional Depot North,8351,805,$46.85
JCKT-88578,Beanie Hat - One Size,South Fulfillment Center,1026,931,$37.25
JCKT-91254,Running Sneakers - Large (L),Regional Depot North,6873,129,$120.14
JCKT-27320,Hoodie - US 9,South Fulfillment Center,728,702,$20.44
PANTS-89737,Hoodie - US 9,South Fulfillment Center,451,366,$47.49
JCKT-46361,Socks - One Size,South Fulfillment Center,2436,194,$81.79
SHOE-45281,Running Sneakers - Medium (M),Surat Central Warehouse,6590,212,$124.98
JCKT-47370,Slim Fit Jeans - 34x32,South Fulfillment Center,2492,384,$128.92
JCKT-57953,Cotton T-Shirt - US 9,Mumbai Hub,7892,603,$57.72
SKU-AP-88939,Hoodie - Large (L),Surat Central Warehouse,4825,966,$40.38
SHOE-37747,Athletic Shorts - Extra Large (XL),Regional Depot North,5693,394,$49.72
SKU-AP-99328,Cotton T-Shirt - Medium (M),Delhi Distribution,508,781,$116.06
SKU-AP-87244,Running Sneakers - 34x32,South Fulfillment Center,9147,72,$86.80
PANTS-73965,Puffer Jacket - 32x32,Regional Depot North,4403,750,$52.13
SKU-AP-58112,Puffer Jacket - Extra Large (XL),South Fulfillment Center,8795,605,$88.32
PANTS-91448,Socks - Large (L),Delhi Distribution,239,652,$145.24
JCKT-67041,Slim Fit Jeans - Extra Large (XL),Surat Central Warehouse,1235,70,$77.46
JCKT-43756,Running Sneakers - US 10,Regional Depot North,3584,73,$147.52
TSHIRT-93958,Socks - 34x32,Delhi Distribution,8647,948,$114.86
SKU-AP-3500,Beanie Hat - Large (L),South Fulfillment Center,1671,212,$88.69
PANTS-33405,Beanie Hat - 32x32,Delhi Distribution,6616,603,$29.83
TSHIRT-11324,Beanie Hat - Large (L),Mumbai Hub,7198,481,$121.84
SHOE-64199,Puffer Jacket - 32x32,Delhi Distribution,7708,627,$121.47
PANTS-34201,Sweater - 32x32,Mumbai Hub,7452,785,$75.69
JCKT-40297,Running Sneakers - Large (L),Regional Depot North,9211,750,$24.69
SKU-AP-88321,Beanie Hat - 32x32,Delhi Distribution,1831,466,$21.03
SHOE-14364,Beanie Hat - 32x32,South Fulfillment Center,4405,95,$89.97
JCKT-22181,Puffer Jacket - Medium (M),Surat Central Warehouse,7387,60,$3.55
PANTS-15009,Cotton T-Shirt - Small (S),South Fulfillment Center,7258,327,$103.57
PANTS-52271,Beanie Hat - 32x32,Mumbai Hub,6246,257,$71.66
SHOE-38098,Puffer Jacket - Medium (M),Mumbai Hub,5208,100,$67.25
TSHIRT-8120,Slim Fit Jeans - One Size,Mumbai Hub,9612,330,$109.04
JCKT-8946,Polo Shirt - US 11,South Fulfillment Center,2029,922,$93.00
PANTS-64406,Hoodie - 34x32,Delhi Distribution,5227,932,$68.41
SKU-AP-61958,Puffer Jacket - 34x32,South Fulfillment Center,3674,361,$22.44
SHOE-24873,Cotton T-Shirt - US 11,Mumbai Hub,7928,334,$88.18
PANTS-15081,Hoodie - 32x32,South Fulfillment Center,4022,276,$86.33
TSHIRT-56745,Running Sneakers - 34x32,South Fulfillment Center,9727,279,$76.61
SHOE-61579,Slim Fit Jeans - Extra Large (XL),Mumbai Hub,844,783,$53.99
SHOE-23596,Polo Shirt - Large (L),Regional Depot North,5217,313,$25.89
SKU-AP-50141,Hoodie - Medium (M),Mumbai Hub,8678,618,$6.95
SKU-AP-61561,Slim Fit Jeans - One Size,Regional Depot North,6790,591,$35.59
PANTS-37027,Slim Fit Jeans - 32x32,Regional Depot North,4633,551,$28.43
PANTS-51585,Socks - Extra Large (XL),South Fulfillment Center,2263,656,$109.35
SKU-AP-5745,Athletic Shorts - Medium (M),South Fulfillment Center,7521,968,$131.89
SKU-AP-75245,Polo Shirt - US 11,Delhi Distribution,8863,827,$96.67
PANTS-50334,Cotton T-Shirt - US 9,Delhi Distribution,6581,634,$28.06
JCKT-4442,Sweater - One Size,Delhi Distribution,8912,124,$41.58
JCKT-3983,Socks - One Size,Mumbai Hub,8935,219,$54.62
SKU-AP-35517,Beanie Hat - US 9,Delhi Distribution,6523,834,$144.26
SKU-AP-17350,Hoodie - US 9,Delhi Distribution,3661,279,$83.86
TSHIRT-13705,Puffer Jacket - 34x32,Mumbai Hub,7936,865,$53.35
TSHIRT-28126,Beanie Hat - 34x32,Surat Central Warehouse,3476,879,$70.86
PANTS-79365,Running Sneakers - 32x32,South Fulfillment Center,7654,321,$139.89
TSHIRT-3083,Polo Shirt - Small (S),Delhi Distribution,2956,548,$48.80
SHOE-98919,Polo Shirt - US 9,Mumbai Hub,7520,983,$90.69
JCKT-94040,Beanie Hat - US 9,Surat Central Warehouse,1535,781,$146.48
TSHIRT-62350,Puffer Jacket - One Size,Surat Central Warehouse,1045,615,$77.35
TSHIRT-55213,Slim Fit Jeans - Extra Large (XL),South Fulfillment Center,2463,426,$87.63
TSHIRT-80275,Beanie Hat - Extra Large (XL),Mumbai Hub,791,78,$56.79
SHOE-60073,Hoodie - Large (L),Delhi Distribution,1750,284,$43.64
PANTS-63690,Athletic Shorts - US 11,South Fulfillment Center,4750,991,$118.08
PANTS-21784,Socks - One Size,Mumbai Hub,7805,704,$104.40
SHOE-80057,Hoodie - 34x32,Mumbai Hub,7463,313,$89.18
SKU-AP-35741,Socks - Extra Large (XL),South Fulfillment Center,278,184,$67.58
JCKT-6324,Polo Shirt - 32x32,Delhi Distribution,7834,556,$47.26
PANTS-85963,Sweater - Large (L),Surat Central Warehouse,394,815,$139.74
TSHIRT-90349,Beanie Hat - 32x32,Regional Depot North,1625,159,$27.26
SHOE-40082,Puffer Jacket - Large (L),Surat Central Warehouse,501,648,$30.23
SKU-AP-12149,Running Sneakers - Extra Large (XL),Regional Depot North,3429,761,$72.03
TSHIRT-85168,Cotton T-Shirt - US 10,South Fulfillment Center,4010,802,$32.31
PANTS-59315,Running Sneakers - US 11,Mumbai Hub,1644,483,$126.79
SHOE-98725,Running Sneakers - Small (S),Regional Depot North,8320,191,$6.07
TSHIRT-74688,Puffer Jacket - One Size,Delhi Distribution,8482,894,$101.11
PANTS-53418,Hoodie - 32x32,Mumbai Hub,1151,619,$33.92
JCKT-96077,Athletic Shorts - Medium (M),South Fulfillment Center,5453,948,$53.91
JCKT-27772,Puffer Jacket - 34x32,Mumbai Hub,5608,994,$90.27
SKU-AP-26360,Socks - Large (L),Regional Depot North,2496,936,$9.37
PANTS-26232,Hoodie - 34x32,Surat Central Warehouse,7959,109,$39.41
TSHIRT-54179,Sweater - Small (S),South Fulfillment Center,6605,454,$122.13
TSHIRT-52037,Athletic Shorts - Small (S),Delhi Distribution,2615,238,$99.53
TSHIRT-15481,Athletic Shorts - US 11,South Fulfillment Center,5184,835,$129.30
TSHIRT-36691,Socks - Extra Large (XL),Regional Depot North,8417,463,$100.23
SHOE-3141,Slim Fit Jeans - Extra Large (XL),South Fulfillment Center,9347,975,$81.70
PANTS-29399,Beanie Hat - US 11,Surat Central Warehouse,6064,403,$44.19
TSHIRT-36662,Polo Shirt - Extra Large (XL),South Fulfillment Center,9829,913,$12.79
TSHIRT-74143,Athletic Shorts - Extra Large (XL),South Fulfillment Center,4912,745,$21.50
PANTS-42247,Cotton T-Shirt - US 9,Mumbai Hub,1990,494,$67.86
SHOE-82337,Beanie Hat - US 9,Regional Depot North,3387,671,$106.69
SHOE-78468,Socks - Large (L),South Fulfillment Center,2350,429,$56.89
TSHIRT-2523,Socks - 32x32,Surat Central Warehouse,893,750,$149.61
PANTS-10715,Beanie Hat - Small (S),Surat Central Warehouse,7812,596,$63.05
TSHIRT-27501,Hoodie - US 11,South Fulfillment Center,5671,785,$100.25
SHOE-60824,Running Sneakers - US 10,Delhi Distribution,4083,785,$77.65
SHOE-78797,Running Sneakers - US 9,Regional Depot North,5037,892,$86.37
JCKT-36151,Hoodie - Large (L),Regional Depot North,9222,658,$105.73
PANTS-6629,Puffer Jacket - US 9,Delhi Distribution,6411,933,$47.11
JCKT-72842,Cotton T-Shirt - US 11,Mumbai Hub,3983,801,$5.63
SKU-AP-52320,Athletic Shorts - Extra Large (XL),Regional Depot North,571,123,$70.15
JCKT-95808,Slim Fit Jeans - US 9,Delhi Distribution,9107,317,$20.87
SHOE-31894,Beanie Hat - US 10,Regional Depot North,6061,648,$87.95
SKU-AP-27576,Socks - 32x32,Regional Depot North,3695,686,$22.07
SKU-AP-97951,Slim Fit Jeans - Extra Large (XL),Surat Central Warehouse,1101,375,$88.99
SKU-AP-53432,Hoodie - Medium (M),Surat Central Warehouse,9560,647,$9.99
TSHIRT-15113,Running Sneakers - Extra Large (XL),Delhi Distribution,6546,559,$145.75
JCKT-94846,Puffer Jacket - 34x32,Mumbai Hub,9790,567,$92.89
PANTS-69536,Slim Fit Jeans - Medium (M),Mumbai Hub,7777,808,$138.16
SKU-AP-88970,Beanie Hat - One Size,Mumbai Hub,1899,691,$53.44
SKU-AP-13634,Athletic Shorts - US 9,Delhi Distribution,9891,250,$101.65
SHOE-18224,Puffer Jacket - Small (S),Surat Central Warehouse,8304,179,$30.28
PANTS-32207,Hoodie - US 11,Delhi Distribution,3962,387,$115.72
SKU-AP-93741,Slim Fit Jeans - US 11,Surat Central Warehouse,5643,989,$129.68
JCKT-80438,Cotton T-Shirt - US 10,Regional Depot North,1893,378,$20.83
PANTS-57470,Socks - Large (L),Mumbai Hub,7211,999,$144.82
SHOE-44414,Cotton T-Shirt - US 9,Delhi Distribution,8967,263,$115.03
SHOE-82112,Puffer Jacket - 34x32,Mumbai Hub,457,835,$93.36
SKU-AP-31244,Hoodie - Medium (M),Regional Depot North,2466,223,$102.16
SHOE-26384,Hoodie - US 11,Mumbai Hub,2336,478,$55.66
SHOE-77093,Hoodie - Large (L),Regional Depot North,5511,289,$117.76
PANTS-41363,Cotton T-Shirt - One Size,South Fulfillment Center,727,196,$110.39
PANTS-71871,Hoodie - US 10,Regional Depot North,6349,551,$25.90
SHOE-2038,Athletic Shorts - One Size,Delhi Distribution,245,376,$9.03
TSHIRT-80584,Cotton T-Shirt - Extra Large (XL),South Fulfillment Center,8400,245,$6.66
JCKT-52168,Beanie Hat - One Size,South Fulfillment Center,8406,321,$61.42
SKU-AP-5023,Socks - US 9,Delhi Distribution,4552,58,$132.84
TSHIRT-15838,Puffer Jacket - Extra Large (XL),Surat Central Warehouse,4549,771,$145.10
JCKT-47202,Socks - Large (L),Regional Depot North,7320,597,$100.58
JCKT-35252,Socks - Medium (M),Surat Central Warehouse,2334,680,$46.29
SKU-AP-30937,Polo Shirt - Small (S),South Fulfillment Center,9820,813,$116.52
PANTS-81361,Athletic Shorts - Extra Large (XL),Delhi Distribution,6373,923,$30.61
TSHIRT-66534,Athletic Shorts - US 9,South Fulfillment Center,3624,935,$55.90
SHOE-10167,Slim Fit Jeans - Large (L),Delhi Distribution,8865,875,$119.20
SHOE-5252,Puffer Jacket - Medium (M),Mumbai Hub,8517,50,$39.33
TSHIRT-54161,Sweater - 34x32,Surat Central Warehouse,6122,76,$137.57
SKU-AP-68308,Cotton T-Shirt - One Size,Regional Depot North,8509,113,$58.31
JCKT-1815,Running Sneakers - Large (L),South Fulfillment Center,2943,172,$90.37
SKU-AP-69510,Polo Shirt - 32x32,Delhi Distribution,6811,614,$142.17
PANTS-18891,Hoodie - Extra Large (XL),Surat Central Warehouse,440,496,$123.07
SKU-AP-39188,Beanie Hat - Extra Large (XL),Mumbai Hub,446,679,$54.60
SKU-AP-98971,Beanie Hat - US 11,Mumbai Hub,3746,192,$35.19
JCKT-30999,Puffer Jacket - US 10,South Fulfillment Center,7138,325,$57.86
SKU-AP-41504,Polo Shirt - Small (S),Delhi Distribution,9761,941,$146.15
SKU-AP-87761,Polo Shirt - US 9,Regional Depot North,7792,901,$115.57
SKU-AP-74770,Beanie Hat - 34x32,Regional Depot North,5471,168,$26.94
TSHIRT-29872,Running Sneakers - US 10,Delhi Distribution,6161,671,$11.07
PANTS-34875,Running Sneakers - Extra Large (XL),Regional Depot North,2982,529,$39.41
PANTS-21454,Slim Fit Jeans - Large (L),Delhi Distribution,9772,386,$3.21
PANTS-41347,Running Sneakers - Extra Large (XL),Delhi Distribution,2873,791,$148.76
SHOE-48086,Sweater - Large (L),South Fulfillment Center,5249,308,$33.69
TSHIRT-38721,Hoodie - US 10,Regional Depot North,5646,799,$63.68
JCKT-70005,Sweater - Extra Large (XL),Surat Central Warehouse,535,810,$20.02
SKU-AP-49359,Puffer Jacket - Medium (M),Delhi Distribution,7182,656,$41.91
SHOE-77753,Running Sneakers - 32x32,Surat Central Warehouse,5539,832,$65.35
JCKT-51304,Athletic Shorts - US 11,Delhi Distribution,1891,587,$86.80
SKU-AP-38370,Beanie Hat - Extra Large (XL),Delhi Distribution,1131,186,$122.43
SKU-AP-89708,Polo Shirt - 32x32,Surat Central Warehouse,4559,673,$96.00
SKU-AP-20893,Athletic Shorts - 34x32,Delhi Distribution,7118,674,$45.80
JCKT-7756,Sweater - 32x32,Delhi Distribution,3590,887,$36.44
SHOE-23027,Polo Shirt - US 10,Surat Central Warehouse,5933,139,$141.18
SKU-AP-55756,Athletic Shorts - Medium (M),Delhi Distribution,5817,734,$87.45
JCKT-94680,Athletic Shorts - US 10,Delhi Distribution,6116,919,$135.39
JCKT-57294,Athletic Shorts - Extra Large (XL),South Fulfillment Center,8409,616,$61.84
TSHIRT-25230,Slim Fit Jeans - US 10,South Fulfillment Center,385,580,$99.68
SHOE-27835,Athletic Shorts - Medium (M),Regional Depot North,7427,527,$66.10
JCKT-11978,Cotton T-Shirt - Medium (M),Regional Depot North,117,154,$107.71
SKU-AP-46028,Hoodie - 34x32,Mumbai Hub,1008,924,$66.60
TSHIRT-16636,Puffer Jacket - US 11,Regional Depot North,8354,319,$36.31
JCKT-34146,Socks - 34x32,South Fulfillment Center,5103,313,$126.57
PANTS-6590,Hoodie - Extra Large (XL),Surat Central Warehouse,9143,364,$113.61
TSHIRT-36991,Sweater - US 10,Regional Depot North,168,857,$41.34
TSHIRT-64072,Slim Fit Jeans - US 11,Mumbai Hub,4036,458,$24.94
SHOE-10128,Athletic Shorts - US 9,Surat Central Warehouse,8458,258,$98.24
SKU-AP-20354,Slim Fit Jeans - Small (S),South Fulfillment Center,4903,384,$26.91
JCKT-49881,Running Sneakers - Small (S),Regional Depot North,8402,896,$99.77
JCKT-84073,Polo Shirt - 34x32,South Fulfillment Center,855,384,$25.65
PANTS-35762,Socks - Medium (M),Regional Depot North,3773,253,$120.63
PANTS-3028,Polo Shirt - Large (L),Surat Central Warehouse,5057,628,$96.83
SHOE-34758,Puffer Jacket - US 10,Surat Central Warehouse,4515,102,$52.99
SHOE-77730,Running Sneakers - US 11,South Fulfillment Center,713,142,$89.29
JCKT-61979,Sweater - One Size,Regional Depot North,4099,73,$15.05
SHOE-79392,Slim Fit Jeans - Extra Large (XL),Regional Depot North,1565,923,$67.34
SHOE-77883,Slim Fit Jeans - US 10,Surat Central Warehouse,483,462,$95.93
SKU-AP-32780,Athletic Shorts - 32x32,Surat Central Warehouse,7341,465,$47.17
SKU-AP-16214,Beanie Hat - Large (L),Mumbai Hub,1570,862,$65.29
PANTS-98011,Socks - Medium (M),Delhi Distribution,2598,368,$147.35
PANTS-26551,Beanie Hat - 32x32,Mumbai Hub,1700,579,$59.16
TSHIRT-57249,Socks - Medium (M),Regional Depot North,3093,725,$102.52
SHOE-7392,Polo Shirt - Large (L),Regional Depot North,6981,205,$124.84
PANTS-79786,Hoodie - US 10,Delhi Distribution,3523,581,$117.04
PANTS-65602,Athletic Shorts - Large (L),Delhi Distribution,1057,510,$47.51
JCKT-60630,Cotton T-Shirt - Small (S),South Fulfillment Center,6093,237,$84.51
PANTS-11726,Polo Shirt - One Size,Mumbai Hub,1823,911,$80.32
PANTS-40260,Beanie Hat - Small (S),Mumbai Hub,6127,910,$19.29
TSHIRT-27013,Cotton T-Shirt - US 10,Mumbai Hub,5884,360,$144.32
PANTS-38338,Polo Shirt - 34x32,Surat Central Warehouse,354,365,$84.02
PANTS-29625,Running Sneakers - Large (L),South Fulfillment Center,6504,323,$99.76
JCKT-67115,Socks - One Size,Regional Depot North,8039,318,$14.08
TSHIRT-33603,Slim Fit Jeans - One Size,Delhi Distribution,8903,445,$13.91
SKU-AP-51487,Polo Shirt - Extra Large (XL),Mumbai Hub,7169,689,$143.29
SKU-AP-52707,Beanie Hat - US 11,Regional Depot North,1178,129,$76.80
SKU-AP-35062,Slim Fit Jeans - 34x32,Regional Depot North,2268,87,$81.74
PANTS-93616,Sweater - US 11,Regional Depot North,5723,254,$90.26
PANTS-19375,Sweater - Small (S),Surat Central Warehouse,2855,471,$143.25
SHOE-16153,Hoodie - US 10,South Fulfillment Center,9763,53,$10.69
TSHIRT-24728,Athletic Shorts - 32x32,Regional Depot North,4471,836,$2.82
JCKT-4572,Puffer Jacket - 34x32,South Fulfillment Center,1432,211,$7.26
PANTS-25855,Puffer Jacket - Medium (M),Mumbai Hub,5534,480,$135.01
SHOE-25590,Socks - Extra Large (XL),Surat Central Warehouse,6654,768,$72.49
TSHIRT-15943,Socks - 34x32,Delhi Distribution,4583,842,$29.15
TSHIRT-92986,Cotton T-Shirt - One Size,South Fulfillment Center,8587,597,$60.10
SKU-AP-97334,Polo Shirt - 32x32,Delhi Distribution,3272,831,$61.71
SHOE-9107,Polo Shirt - 34x32,Delhi Distribution,2112,991,$143.79
SHOE-41719,Athletic Shorts - US 11,Delhi Distribution,1133,699,$22.07
PANTS-83953,Polo Shirt - Medium (M),Mumbai Hub,9780,387,$23.90
PANTS-56817,Beanie Hat - One Size,Surat Central Warehouse,3136,316,$27.89
JCKT-46860,Running Sneakers - US 11,Surat Central Warehouse,7702,807,$128.51
SHOE-4570,Socks - US 10,Mumbai Hub,2064,997,$12.98
TSHIRT-93843,Polo Shirt - One Size,Surat Central Warehouse,4391,842,$100.58
JCKT-24619,Running Sneakers - Large (L),Regional Depot North,3423,140,$138.32
JCKT-77193,Athletic Shorts - 34x32,South Fulfillment Center,7905,138,$48.74
PANTS-53433,Polo Shirt - US 10,Delhi Distribution,5778,159,$97.11
SHOE-36615,Hoodie - 32x32,Surat Central Warehouse,8213,623,$44.11
PANTS-30072,Socks - Small (S),Surat Central Warehouse,1107,105,$71.04
JCKT-44593,Puffer Jacket - US 10,Mumbai Hub,3240,330,$11.19
SKU-AP-4625,Polo Shirt - Medium (M),Regional Depot North,5625,97,$73.47
JCKT-8647,Polo Shirt - US 10,Regional Depot North,4058,80,$93.73
TSHIRT-25455,Hoodie - Large (L),Surat Central Warehouse,1015,129,$20.59
SKU-AP-57872,Puffer Jacket - Medium (M),South Fulfillment Center,2488,219,$80.55
SKU-AP-39536,Running Sneakers - US 11,Regional Depot North,9381,650,$113.32
TSHIRT-65303,Slim Fit Jeans - 32x32,South Fulfillment Center,1896,697,$66.69
TSHIRT-59001,Polo Shirt - US 9,Mumbai Hub,1555,140,$137.33
JCKT-34624,Sweater - US 9,Surat Central Warehouse,6143,450,$31.14
PANTS-10163,Sweater - One Size,Delhi Distribution,6923,117,$106.31
SHOE-15211,Socks - Medium (M),Regional Depot North,313,943,$2.65
SHOE-78801,Cotton T-Shirt - 32x32,Regional Depot North,2732,633,$121.10
TSHIRT-6018,Sweater - US 11,Regional Depot North,790,475,$131.05
TSHIRT-12307,Slim Fit Jeans - 34x32,South Fulfillment Center,505,55,$101.65
TSHIRT-73161,Socks - Medium (M),South Fulfillment Center,3529,277,$5.19
SHOE-77560,Polo Shirt - Extra Large (XL),Surat Central Warehouse,7462,154,$58.70
SHOE-64461,Cotton T-Shirt - 32x32,Delhi Distribution,1169,444,$105.27
SHOE-45173,Puffer Jacket - One Size,Regional Depot North,8622,757,$107.69
PANTS-48777,Polo Shirt - US 10,Surat Central Warehouse,3802,348,$112.96
SHOE-56328,Polo Shirt - US 9,Mumbai Hub,6424,304,$46.96
TSHIRT-1642,Hoodie - 34x32,Regional Depot North,2957,784,$93.69
SKU-AP-83703,Hoodie - Small (S),Surat Central Warehouse,2294,268,$36.39
JCKT-29275,Hoodie - Small (S),South Fulfillment Center,5687,734,$10.51
JCKT-57644,Beanie Hat - 32x32,Regional Depot North,2257,452,$54.25
JCKT-89383,Beanie Hat - US 11,Surat Central Warehouse,2168,268,$111.10
JCKT-63121,Running Sneakers - US 9,Surat Central Warehouse,7788,493,$68.84
TSHIRT-76998,Running Sneakers - Small (S),Delhi Distribution,5278,795,$115.57
SHOE-6555,Slim Fit Jeans - 34x32,Delhi Distribution,6291,590,$19.66
SKU-AP-72729,Athletic Shorts - Small (S),Regional Depot North,2348,739,$53.36
SHOE-49971,Slim Fit Jeans - Large (L),Mumbai Hub,7377,776,$48.95
TSHIRT-86706,Running Sneakers - Small (S),South Fulfillment Center,5840,962,$113.78
TSHIRT-43482,Running Sneakers - Small (S),Regional Depot North,9157,308,$73.68
TSHIRT-16645,Polo Shirt - Small (S),Mumbai Hub,9454,302,$63.88
TSHIRT-57734,Polo Shirt - US 11,Surat Central Warehouse,3169,124,$31.85
PANTS-54538,Beanie Hat - Medium (M),Mumbai Hub,1824,745,$52.54
SKU-AP-26168,Slim Fit Jeans - 32x32,South Fulfillment Center,4174,239,$54.17
TSHIRT-42057,Polo Shirt - US 10,Regional Depot North,6789,117,$144.36
SKU-AP-23048,Slim Fit Jeans - Medium (M),Mumbai Hub,2882,699,$33.98
SHOE-24483,Socks - 34x32,Mumbai Hub,9657,981,$69.93
PANTS-16026,Slim Fit Jeans - Extra Large (XL),Mumbai Hub,1362,504,$73.85
TSHIRT-32077,Slim Fit Jeans - US 11,Mumbai Hub,5906,855,$68.39
PANTS-91819,Running Sneakers - Small (S),South Fulfillment Center,4680,450,$126.90
TSHIRT-14807,Athletic Shorts - US 11,South Fulfillment Center,4240,55,$45.04
TSHIRT-59453,Hoodie - US 11,Regional Depot North,2392,640,$115.05
PANTS-81559,Beanie Hat - 34x32,Delhi Distribution,471,695,$84.58
TSHIRT-16015,Athletic Shorts - 32x32,South Fulfillment Center,2497,305,$8.18
SHOE-43223,Athletic Shorts - Medium (M),South Fulfillment Center,9528,415,$102.18
SKU-AP-23372,Running Sneakers - Extra Large (XL),Mumbai Hub,32,776,$137.66
SHOE-75063,Puffer Jacket - US 11,Mumbai Hub,7712,540,$59.17
SHOE-81500,Beanie Hat - US 11,Regional Depot North,6725,645,$28.01
SKU-AP-41661,Cotton T-Shirt - US 10,Delhi Distribution,914,841,$8.84
PANTS-27049,Athletic Shorts - 32x32,Delhi Distribution,6243,448,$116.21
SKU-AP-89513,Sweater - 34x32,Delhi Distribution,9689,487,$65.17
TSHIRT-30288,Beanie Hat - Small (S),Regional Depot North,7496,560,$19.80
SHOE-7225,Sweater - One Size,Regional Depot North,4276,186,$49.95
JCKT-86261,Beanie Hat - Medium (M),South Fulfillment Center,8816,496,$63.66
SHOE-52053,Hoodie - Large (L),South Fulfillment Center,627,274,$124.87
JCKT-46224,Hoodie - One Size,Surat Central Warehouse,2222,851,$139.59
SHOE-99305,Polo Shirt - One Size,Surat Central Warehouse,592,781,$26.85
SKU-AP-76597,Puffer Jacket - Medium (M),Surat Central Warehouse,7729,468,$47.93
TSHIRT-39702,Puffer Jacket - US 10,Regional Depot North,2261,474,$149.44
TSHIRT-67412,Running Sneakers - Medium (M),Mumbai Hub,6535,946,$46.58
TSHIRT-23747,Puffer Jacket - 32x32,Delhi Distribution,5261,294,$34.31
PANTS-73030,Slim Fit Jeans - Extra Large (XL),Surat Central Warehouse,4390,226,$110.00
TSHIRT-45560,Sweater - Small (S),Delhi Distribution,4719,519,$123.81
PANTS-80967,Beanie Hat - US 9,Mumbai Hub,688,286,$79.07
TSHIRT-64920,Cotton T-Shirt - US 11,Mumbai Hub,1630,713,$62.27
SHOE-36845,Cotton T-Shirt - US 11,South Fulfillment Center,5040,894,$44.60
SKU-AP-73190,Socks - 34x32,South Fulfillment Center,2183,600,$115.17
SKU-AP-90486,Polo Shirt - 34x32,South Fulfillment Center,5096,345,$65.93
SHOE-9941,Socks - US 10,Mumbai Hub,8403,530,$52.10
TSHIRT-42622,Sweater - US 11,South Fulfillment Center,2805,143,$14.75
SHOE-41816,Running Sneakers - 32x32,Regional Depot North,1528,462,$83.81
JCKT-52845,Slim Fit Jeans - US 11,Regional Depot North,7964,934,$95.73
TSHIRT-52537,Slim Fit Jeans - Large (L),Regional Depot North,2100,287,$33.47
TSHIRT-51008,Polo Shirt - 32x32,South Fulfillment Center,4428,381,$149.21
TSHIRT-44887,Socks - US 11,Delhi Distribution,2774,235,$91.82
SHOE-59448,Sweater - 34x32,Mumbai Hub,782,312,$110.90
SKU-AP-70454,Polo Shirt - 34x32,South Fulfillment Center,132,840,$67.10
SKU-AP-29384,Hoodie - Medium (M),Regional Depot North,4456,389,$129.21
SHOE-73774,Sweater - Small (S),Delhi Distribution,9733,910,$6.50
TSHIRT-93089,Polo Shirt - Small (S),Delhi Distribution,2295,181,$137.72
PANTS-53574,Cotton T-Shirt - One Size,Regional Depot North,9735,844,$6.47
SHOE-88931,Cotton T-Shirt - US 10,Delhi Distribution,5986,860,$52.86
SKU-AP-88213,Polo Shirt - US 9,Mumbai Hub,4854,689,$34.57
SHOE-26597,Slim Fit Jeans - Large (L),Regional Depot North,3927,410,$122.10
SKU-AP-98006,Slim Fit Jeans - Medium (M),Surat Central Warehouse,4784,533,$54.87
PANTS-32373,Cotton T-Shirt - Small (S),Regional Depot North,5807,896,$108.01
PANTS-5857,Hoodie - Extra Large (XL),Regional Depot North,2174,310,$25.31
SHOE-15095,Running Sneakers - 32x32,Mumbai Hub,6876,174,$62.64
SHOE-98867,Beanie Hat - Extra Large (XL),Delhi Distribution,5416,664,$66.26
PANTS-83127,Running Sneakers - US 11,South Fulfillment Center,9203,465,$133.32
TSHIRT-87201,Polo Shirt - US 9,Mumbai Hub,3056,698,$101.01
SHOE-4534,Polo Shirt - Small (S),Regional Depot North,9263,479,$105.98
TSHIRT-61715,Cotton T-Shirt - US 11,Mumbai Hub,9328,401,$67.53
SHOE-83763,Athletic Shorts - 34x32,South Fulfillment Center,406,635,$116.75
JCKT-6569,Polo Shirt - One Size,Regional Depot North,5437,468,$71.71
PANTS-7492,Cotton T-Shirt - US 9,Regional Depot North,5011,737,$19.31
PANTS-16200,Running Sneakers - 32x32,Delhi Distribution,5989,678,$6.02
TSHIRT-75437,Beanie Hat - Small (S),Delhi Distribution,5940,88,$130.30
SKU-AP-69773,Sweater - 34x32,Delhi Distribution,9629,664,$101.69
SHOE-37384,Slim Fit Jeans - 32x32,Delhi Distribution,1315,775,$7.86
JCKT-59109,Athletic Shorts - One Size,Mumbai Hub,4253,689,$140.25
SKU-AP-13127,Running Sneakers - Extra Large (XL),Surat Central Warehouse,1140,888,$135.24
JCKT-80871,Cotton T-Shirt - Medium (M),Regional Depot North,3244,961,$121.10
TSHIRT-77952,Cotton T-Shirt - 32x32,Delhi Distribution,1157,798,$84.22
SHOE-64514,Cotton T-Shirt - Medium (M),South Fulfillment Center,9666,84,$56.92
SHOE-59249,Athletic Shorts - One Size,South Fulfillment Center,4655,167,$8.80
JCKT-23847,Sweater - Medium (M),Regional Depot North,4075,332,$127.69
SKU-AP-19580,Running Sneakers - One Size,Mumbai Hub,5982,992,$61.52
SKU-AP-97869,Puffer Jacket - Medium (M),Delhi Distribution,5854,672,$136.83
SHOE-61307,Hoodie - 32x32,Surat Central Warehouse,2235,428,$98.85
SKU-AP-20322,Beanie Hat - Large (L),Mumbai Hub,4755,655,$5.33
SHOE-96318,Hoodie - US 9,Delhi Distribution,8267,374,$97.80
SHOE-49397,Polo Shirt - Extra Large (XL),Mumbai Hub,2114,277,$100.68
TSHIRT-90926,Sweater - US 11,South Fulfillment Center,6061,467,$141.53
JCKT-94785,Athletic Shorts - Medium (M),Surat Central Warehouse,1059,741,$123.82
TSHIRT-89097,Slim Fit Jeans - Small (S),Delhi Distribution,7081,207,$65.92
TSHIRT-23657,Puffer Jacket - Large (L),Regional Depot North,1778,941,$95.84
SHOE-96626,Socks - One Size,Regional Depot North,6413,93,$89.99
TSHIRT-19129,Sweater - Large (L),South Fulfillment Center,6338,220,$148.04
SKU-AP-3205,Polo Shirt - US 10,South Fulfillment Center,6765,755,$11.71
TSHIRT-36665,Polo Shirt - US 10,Delhi Distribution,8764,824,$16.83
TSHIRT-1058,Socks - US 9,Surat Central Warehouse,1567,233,$141.26
JCKT-30752,Puffer Jacket - Medium (M),Surat Central Warehouse,566,799,$93.08
SKU-AP-49383,Cotton T-Shirt - Medium (M),South Fulfillment Center,2243,940,$34.16
TSHIRT-52039,Puffer Jacket - Large (L),Mumbai Hub,5940,335,$124.45
JCKT-15183,Running Sneakers - US 10,Mumbai Hub,478,812,$79.53
JCKT-81782,Socks - 32x32,Surat Central Warehouse,3117,557,$42.28
JCKT-27349,Hoodie - One Size,Regional Depot North,5133,434,$56.94
SKU-AP-4003,Beanie Hat - One Size,South Fulfillment Center,2308,784,$87.69
JCKT-91315,Slim Fit Jeans - One Size,Mumbai Hub,1247,748,$17.04
TSHIRT-1110,Running Sneakers - US 10,Mumbai Hub,6351,279,$104.67
SKU-AP-95799,Puffer Jacket - Medium (M),Regional Depot North,8137,426,$8.29
SHOE-16173,Sweater - One Size,South Fulfillment Center,3391,262,$57.87
SHOE-99306,Beanie Hat - US 10,Mumbai Hub,780,900,$10.14
TSHIRT-70959,Slim Fit Jeans - Large (L),Regional Depot North,3363,894,$33.29
SHOE-28734,Cotton T-Shirt - Large (L),Surat Central Warehouse,9337,637,$90.40
SKU-AP-70263,Slim Fit Jeans - 34x32,Surat Central Warehouse,560,669,$146.48
SHOE-85946,Slim Fit Jeans - 32x32,South Fulfillment Center,5471,765,$49.07
JCKT-32704,Beanie Hat - US 10,Regional Depot North,6609,863,$118.00
SHOE-29116,Cotton T-Shirt - One Size,Surat Central Warehouse,8819,257,$105.58
PANTS-85521,Polo Shirt - Extra Large (XL),Mumbai Hub,7156,895,$56.55
SKU-AP-6825,Hoodie - 34x32,Surat Central Warehouse,5337,390,$31.98
SKU-AP-58127,Polo Shirt - 32x32,Delhi Distribution,9095,656,$48.62
SKU-AP-29265,Running Sneakers - 34x32,South Fulfillment Center,6589,451,$75.30
SKU-AP-93268,Slim Fit Jeans - One Size,Surat Central Warehouse,1175,729,$122.36
TSHIRT-57970,Hoodie - US 9,Mumbai Hub,5833,331,$102.11
PANTS-87876,Athletic Shorts - 34x32,Mumbai Hub,4724,834,$26.41
PANTS-34347,Beanie Hat - Small (S),Surat Central Warehouse,4789,194,$94.95
SKU-AP-70127,Socks - US 11,Delhi Distribution,8214,336,$117.86
PANTS-32011,Beanie Hat - Medium (M),Regional Depot North,8801,799,$40.08
JCKT-24511,Sweater - Extra Large (XL),Regional Depot North,7445,140,$40.12
SKU-AP-13266,Polo Shirt - US 11,Surat Central Warehouse,7875,591,$75.94
PANTS-94504,Hoodie - Large (L),Delhi Distribution,4820,761,$135.43
SKU-AP-20188,Running Sneakers - US 9,Regional Depot North,7509,164,$45.89
SHOE-79140,Hoodie - Extra Large (XL),Regional Depot North,2313,345,$4.91
SKU-AP-68217,Hoodie - Small (S),South Fulfillment Center,935,294,$66.72
TSHIRT-5707,Polo Shirt - 32x32,Mumbai Hub,160,277,$52.93
SHOE-83463,Puffer Jacket - Small (S),Mumbai Hub,3062,317,$146.22
JCKT-52795,Puffer Jacket - 34x32,Regional Depot North,9370,487,$8.00
SKU-AP-89637,Beanie Hat - Small (S),Delhi Distribution,3315,107,$138.89
SKU-AP-45777,Socks - 32x32,South Fulfillment Center,8844,866,$13.55
TSHIRT-58965,Polo Shirt - One Size,Regional Depot North,9390,306,$120.59
SKU-AP-10673,Running Sneakers - Extra Large (XL),South Fulfillment Center,4986,313,$122.60
SHOE-32483,Sweater - One Size,South Fulfillment Center,3918,504,$3.23
SHOE-32809,Athletic Shorts - 32x32,Delhi Distribution,3001,104,$38.16
SKU-AP-33592,Beanie Hat - Large (L),Delhi Distribution,6021,976,$32.93
JCKT-82187,Athletic Shorts - Large (L),Surat Central Warehouse,5715,868,$115.62
PANTS-80262,Running Sneakers - One Size,Delhi Distribution,7899,97,$75.04
TSHIRT-18877,Cotton T-Shirt - Small (S),Regional Depot North,5053,187,$77.15
SHOE-45976,Running Sneakers - 34x32,Surat Central Warehouse,5730,896,$18.81
SHOE-31009,Sweater - One Size,South Fulfillment Center,8513,291,$76.41
JCKT-5866,Athletic Shorts - 34x32,South Fulfillment Center,1631,411,$98.32
TSHIRT-94868,Running Sneakers - US 9,Surat Central Warehouse,8942,232,$70.80
SHOE-78540,Sweater - Small (S),South Fulfillment Center,4494,567,$140.88
PANTS-58135,Puffer Jacket - 34x32,South Fulfillment Center,7422,654,$142.20
JCKT-69575,Sweater - Small (S),South Fulfillment Center,8636,163,$85.24
JCKT-33761,Athletic Shorts - Large (L),South Fulfillment Center,1808,113,$37.68
SKU-AP-43339,Beanie Hat - US 10,South Fulfillment Center,7549,527,$132.92
SHOE-18341,Beanie Hat - Medium (M),Delhi Distribution,5668,163,$49.85
SKU-AP-40886,Slim Fit Jeans - 32x32,South Fulfillment Center,7719,666,$135.41
SHOE-63738,Running Sneakers - 34x32,Surat Central Warehouse,1505,368,$55.76
SKU-AP-65772,Socks - Medium (M),Delhi Distribution,5527,740,$62.74
SHOE-73096,Hoodie - Medium (M),South Fulfillment Center,5918,486,$76.45
PANTS-28242,Athletic Shorts - 32x32,South Fulfillment Center,1472,621,$70.55
SHOE-5240,Cotton T-Shirt - US 11,Mumbai Hub,3756,468,$135.28
TSHIRT-66677,Slim Fit Jeans - US 11,Mumbai Hub,5313,784,$55.23
SKU-AP-51017,Puffer Jacket - 32x32,Regional Depot North,3297,865,$106.35
TSHIRT-97549,Beanie Hat - Extra Large (XL),Delhi Distribution,9615,151,$41.62
SKU-AP-92853,Cotton T-Shirt - US 9,South Fulfillment Center,8355,464,$117.64
JCKT-55016,Sweater - Small (S),Surat Central Warehouse,4726,766,$135.61
SKU-AP-4608,Sweater - Extra Large (XL),South Fulfillment Center,4898,532,$115.01
TSHIRT-80382,Slim Fit Jeans - Small (S),South Fulfillment Center,3233,749,$45.81
TSHIRT-31083,Hoodie - Medium (M),Mumbai Hub,4671,496,$74.29
SHOE-26743,Running Sneakers - Medium (M),Delhi Distribution,572,745,$83.76
TSHIRT-87898,Hoodie - 32x32,South Fulfillment Center,2334,390,$11.67
PANTS-89098,Beanie Hat - One Size,Surat Central Warehouse,2880,707,$34.62
TSHIRT-19142,Puffer Jacket - Small (S),South Fulfillment Center,7746,663,$11.90
SKU-AP-90506,Socks - US 11,South Fulfillment Center,6105,890,$28.46
TSHIRT-85616,Polo Shirt - Medium (M),Regional Depot North,6170,125,$49.68
PANTS-98459,Socks - US 11,Mumbai Hub,8911,951,$104.31
JCKT-47225,Sweater - US 9,Delhi Distribution,6079,511,$138.31
SKU-AP-59981,Sweater - 32x32,South Fulfillment Center,6011,734,$136.41
SKU-AP-42619,Beanie Hat - 32x32,Regional Depot North,9749,341,$44.68
JCKT-53027,Puffer Jacket - US 10,Surat Central Warehouse,1413,132,$117.70
PANTS-92829,Cotton T-Shirt - Large (L),South Fulfillment Center,6609,898,$25.52
TSHIRT-30582,Athletic Shorts - US 10,Surat Central Warehouse,8919,849,$32.02
SHOE-69815,Hoodie - 32x32,Regional Depot North,8347,772,$66.30
JCKT-90810,Cotton T-Shirt - Medium (M),Mumbai Hub,4542,843,$85.07
SHOE-92941,Socks - US 10,Regional Depot North,9455,466,$69.89
SHOE-70531,Slim Fit Jeans - Large (L),South Fulfillment Center,398,449,$87.95
SHOE-34190,Cotton T-Shirt - US 9,Surat Central Warehouse,1213,805,$45.41
SHOE-84288,Running Sneakers - One Size,South Fulfillment Center,5158,61,$124.10
SHOE-30917,Beanie Hat - 32x32,Mumbai Hub,78,928,$93.38
SKU-AP-88397,Beanie Hat - Large (L),Surat Central Warehouse,4254,363,$142.75
TSHIRT-41784,Running Sneakers - Extra Large (XL),Delhi Distribution,7941,639,$15.37
JCKT-88802,Slim Fit Jeans - One Size,Mumbai Hub,9537,512,$60.16
PANTS-59353,Puffer Jacket - 34x32,South Fulfillment Center,626,754,$21.04
SHOE-76324,Hoodie - One Size,South Fulfillment Center,4621,904,$72.68
TSHIRT-81613,Running Sneakers - Extra Large (XL),Mumbai Hub,2349,525,$6.46
SHOE-45585,Hoodie - US 10,Mumbai Hub,696,56,$42.84
TSHIRT-5628,Sweater - 34x32,Mumbai Hub,8415,170,$33.84
SKU-AP-20787,Hoodie - 34x32,Mumbai Hub,7163,109,$66.20
SKU-AP-76138,Running Sneakers - Small (S),Delhi Distribution,9120,494,$106.69
SKU-AP-43823,Cotton T-Shirt - 34x32,Mumbai Hub,8431,816,$61.85
JCKT-1711,Athletic Shorts - US 11,Mumbai Hub,2964,878,$127.24
PANTS-35894,Beanie Hat - 34x32,Regional Depot North,7733,392,$13.68
PANTS-47559,Slim Fit Jeans - 32x32,Regional Depot North,9146,166,$25.57
SKU-AP-43954,Puffer Jacket - Extra Large (XL),Regional Depot North,18,795,$69.00
PANTS-13647,Polo Shirt - US 11,Mumbai Hub,7292,254,$113.27
SHOE-74236,Polo Shirt - Small (S),Surat Central Warehouse,8032,721,$117.29
SHOE-67875,Cotton T-Shirt - Large (L),Surat Central Warehouse,1941,691,$100.77
SKU-AP-1557,Running Sneakers - 34x32,Surat Central Warehouse,1462,352,$133.77
TSHIRT-78762,Socks - Large (L),Mumbai Hub,8757,239,$114.72
SHOE-47289,Socks - Small (S),Delhi Distribution,3337,190,$67.75
SHOE-45862,Hoodie - Large (L),Mumbai Hub,3491,936,$105.88
TSHIRT-1042,Athletic Shorts - Medium (M),Mumbai Hub,8009,80,$25.22
SKU-AP-20321,Puffer Jacket - Small (S),Delhi Distribution,2933,747,$144.33
SHOE-85289,Sweater - 34x32,South Fulfillment Center,9106,302,$86.99
SHOE-44105,Beanie Hat - 34x32,Mumbai Hub,1465,142,$26.90
TSHIRT-96171,Cotton T-Shirt - US 10,Surat Central Warehouse,4680,81,$98.68
JCKT-81031,Slim Fit Jeans - 32x32,Mumbai Hub,8804,364,$60.95
JCKT-94820,Cotton T-Shirt - US 11,South Fulfillment Center,6811,543,$148.93
SKU-AP-97499,Puffer Jacket - Large (L),Mumbai Hub,8428,960,$149.00
TSHIRT-63092,Athletic Shorts - US 11,South Fulfillment Center,3633,571,$79.92
SKU-AP-15143,Puffer Jacket - US 9,Delhi Distribution,4175,501,$131.60
TSHIRT-94558,Hoodie - 34x32,Delhi Distribution,363,124,$111.87
SHOE-19252,Hoodie - Large (L),Mumbai Hub,1507,621,$47.65
PANTS-83650,Athletic Shorts - Large (L),Surat Central Warehouse,4411,477,$45.56
SHOE-12559,Running Sneakers - US 9,Surat Central Warehouse,2734,424,$65.29
SKU-AP-50330,Sweater - 32x32,Regional Depot North,5926,74,$5.32
TSHIRT-59158,Slim Fit Jeans - US 9,Mumbai Hub,1645,926,$98.50
SKU-AP-7561,Cotton T-Shirt - US 10,South Fulfillment Center,8039,252,$50.78
SHOE-60704,Slim Fit Jeans - 34x32,Regional Depot North,6124,530,$61.06
JCKT-14586,Beanie Hat - Large (L),Mumbai Hub,7728,79,$81.96
TSHIRT-79088,Polo Shirt - 34x32,South Fulfillment Center,3060,713,$73.10
JCKT-79385,Cotton T-Shirt - US 9,Regional Depot North,4158,715,$110.29
SHOE-71569,Cotton T-Shirt - 32x32,Surat Central Warehouse,9081,889,$87.91
SKU-AP-60142,Sweater - Medium (M),Surat Central Warehouse,8347,638,$28.42
JCKT-26010,Puffer Jacket - Small (S),Delhi Distribution,5581,775,$62.06
PANTS-2709,Sweater - Medium (M),Regional Depot North,9786,497,$148.11
SKU-AP-84900,Puffer Jacket - Medium (M),Surat Central Warehouse,8899,998,$94.72
TSHIRT-35256,Running Sneakers - Large (L),Surat Central Warehouse,6494,598,$104.97
SKU-AP-47964,Cotton T-Shirt - US 9,Regional Depot North,6751,140,$42.11
SKU-AP-96743,Running Sneakers - Medium (M),Surat Central Warehouse,566,252,$71.18
TSHIRT-83350,Athletic Shorts - Small (S),South Fulfillment Center,1289,541,$32.00
PANTS-64986,Beanie Hat - Large (L),Delhi Distribution,4271,639,$129.72
SHOE-87123,Puffer Jacket - One Size,Mumbai Hub,7619,842,$7.07
TSHIRT-94383,Puffer Jacket - 34x32,Mumbai Hub,803,850,$123.10
JCKT-33236,Puffer Jacket - Large (L),Surat Central Warehouse,3973,365,$58.33
JCKT-24956,Slim Fit Jeans - Medium (M),Regional Depot North,9858,79,$66.85
SHOE-28979,Hoodie - US 11,Surat Central Warehouse,9027,88,$64.11
JCKT-90719,Running Sneakers - Small (S),Delhi Distribution,6977,522,$89.01
PANTS-30541,Hoodie - US 9,Delhi Distribution,5935,143,$81.96
JCKT-43171,Slim Fit Jeans - US 11,South Fulfillment Center,1293,729,$53.19
PANTS-42272,Sweater - One Size,South Fulfillment Center,6222,665,$34.50
SKU-AP-27263,Athletic Shorts - US 9,South Fulfillment Center,7556,629,$135.12
JCKT-73159,Socks - 34x32,Mumbai Hub,4942,264,$146.88
TSHIRT-30904,Cotton T-Shirt - US 10,Mumbai Hub,873,521,$138.58
SHOE-18055,Beanie Hat - 32x32,Mumbai Hub,7452,293,$111.95
PANTS-80275,Cotton T-Shirt - US 9,South Fulfillment Center,9327,830,$77.77
SKU-AP-30607,Polo Shirt - US 11,Delhi Distribution,8549,282,$95.66
TSHIRT-95990,Socks - One Size,South Fulfillment Center,1351,817,$19.26
JCKT-64853,Sweater - 32x32,Regional Depot North,1115,966,$67.15
SKU-AP-92727,Athletic Shorts - US 11,Mumbai Hub,9759,849,$76.78
PANTS-16738,Sweater - Extra Large (XL),Surat Central Warehouse,6429,976,$18.54
PANTS-51644,Hoodie - US 10,Surat Central Warehouse,9281,175,$64.38
SKU-AP-72826,Hoodie - 34x32,Regional Depot North,7482,811,$57.92
PANTS-9288,Sweater - US 11,Mumbai Hub,885,669,$108.67
TSHIRT-44941,Polo Shirt - Small (S),South Fulfillment Center,2740,611,$42.88
JCKT-71936,Cotton T-Shirt - US 9,Mumbai Hub,4937,458,$128.56
SHOE-46964,Cotton T-Shirt - Extra Large (XL),South Fulfillment Center,9138,814,$84.11
TSHIRT-42370,Polo Shirt - US 10,South Fulfillment Center,4294,71,$148.11
PANTS-96513,Sweater - US 9,Regional Depot North,7882,536,$37.96
SHOE-48981,Socks - Medium (M),Delhi Distribution,5805,757,$91.39
SHOE-39815,Puffer Jacket - US 11,Mumbai Hub,3472,265,$47.86
PANTS-92988,Cotton T-Shirt - 34x32,Delhi Distribution,6178,630,$82.76
PANTS-82208,Socks - 32x32,Delhi Distribution,387,210,$20.82
SHOE-35982,Athletic Shorts - 34x32,Delhi Distribution,332,115,$137.36
TSHIRT-6919,Polo Shirt - Small (S),Regional Depot North,333,270,$51.17
JCKT-26774,Athletic Shorts - One Size,Surat Central Warehouse,6270,331,$69.47
SKU-AP-69595,Athletic Shorts - 34x32,Delhi Distribution,8724,400,$13.26
PANTS-69496,Hoodie - US 11,South Fulfillment Center,2071,231,$109.07
JCKT-47211,Running Sneakers - Medium (M),Mumbai Hub,9840,487,$27.70
SKU-AP-71582,Socks - One Size,Mumbai Hub,2326,740,$136.61
SHOE-99222,Polo Shirt - Large (L),South Fulfillment Center,1588,982,$4.17
TSHIRT-42407,Running Sneakers - Small (S),Regional Depot North,3683,415,$58.63
JCKT-89412,Beanie Hat - Medium (M),Delhi Distribution,3649,169,$142.83
JCKT-95870,Cotton T-Shirt - One Size,Delhi Distribution,6873,911,$10.56
TSHIRT-1233,Polo Shirt - 32x32,Delhi Distribution,9546,471,$33.92
PANTS-55271,Puffer Jacket - US 11,Mumbai Hub,6643,667,$84.13
TSHIRT-25154,Sweater - US 9,Surat Central Warehouse,4208,392,$87.86
SKU-AP-8470,Hoodie - Small (S),Regional Depot North,2445,965,$147.01
SKU-AP-21361,Hoodie - Extra Large (XL),Regional Depot North,5229,474,$65.15
PANTS-59166,Slim Fit Jeans - Large (L),Mumbai Hub,8706,989,$136.59
JCKT-84009,Athletic Shorts - One Size,Surat Central Warehouse,785,246,$19.46
SHOE-16936,Polo Shirt - Large (L),Surat Central Warehouse,1341,239,$78.45
SHOE-2754,Slim Fit Jeans - Extra Large (XL),South Fulfillment Center,5838,791,$87.12
JCKT-97705,Puffer Jacket - Extra Large (XL),Regional Depot North,7945,213,$102.44
SHOE-77620,Slim Fit Jeans - Large (L),Delhi Distribution,9160,438,$59.64
JCKT-60321,Slim Fit Jeans - US 9,South Fulfillment Center,2380,666,$82.74
JCKT-81579,Slim Fit Jeans - US 11,Mumbai Hub,1443,479,$60.94
TSHIRT-9369,Athletic Shorts - Medium (M),Delhi Distribution,2369,818,$24.73
SHOE-26141,Hoodie - 34x32,Mumbai Hub,7891,614,$63.13
PANTS-2979,Hoodie - Extra Large (XL),Surat Central Warehouse,9992,974,$30.48
JCKT-43412,Puffer Jacket - One Size,Regional Depot North,2394,792,$36.00
JCKT-23423,Beanie Hat - US 9,Surat Central Warehouse,5944,885,$122.46
TSHIRT-53470,Running Sneakers - Large (L),Mumbai Hub,6245,502,$97.28
SKU-AP-87293,Slim Fit Jeans - Small (S),Surat Central Warehouse,7908,772,$127.13
SKU-AP-8976,Polo Shirt - 34x32,Mumbai Hub,8131,721,$40.68
SKU-AP-95603,Puffer Jacket - Large (L),Delhi Distribution,407,265,$56.06
SKU-AP-59314,Puffer Jacket - Large (L),Regional Depot North,6895,682,$116.88
JCKT-4319,Slim Fit Jeans - US 10,South Fulfillment Center,2152,732,$135.92
TSHIRT-65020,Running Sneakers - 34x32,Mumbai Hub,5199,881,$74.35
PANTS-49129,Running Sneakers - US 11,Mumbai Hub,5683,194,$80.06
JCKT-13636,Cotton T-Shirt - 32x32,Surat Central Warehouse,5412,640,$39.97
SHOE-5114,Sweater - One Size,Delhi Distribution,5886,71,$5.22
SKU-AP-54484,Athletic Shorts - 34x32,South Fulfillment Center,1813,277,$131.87
SHOE-12226,Sweater - 32x32,Mumbai Hub,4328,194,$64.33
SHOE-42546,Cotton T-Shirt - One Size,Surat Central Warehouse,3473,522,$100.89
PANTS-88762,Sweater - US 9,South Fulfillment Center,9406,537,$138.15
TSHIRT-18151,Polo Shirt - One Size,Mumbai Hub,6413,302,$97.71
SHOE-92820,Polo Shirt - Extra Large (XL),South Fulfillment Center,805,661,$136.77
SHOE-58962,Slim Fit Jeans - Large (L),Mumbai Hub,3890,312,$113.77
PANTS-3464,Beanie Hat - US 9,Mumbai Hub,1274,59,$10.63
TSHIRT-63588,Cotton T-Shirt - 34x32,Mumbai Hub,7251,615,$70.11
TSHIRT-71755,Sweater - Small (S),South Fulfillment Center,6228,176,$96.80
TSHIRT-31427,Cotton T-Shirt - Small (S),Surat Central Warehouse,8992,81,$44.31
JCKT-99132,Puffer Jacket - Extra Large (XL),Regional Depot North,3856,245,$139.40
SHOE-6566,Polo Shirt - Large (L),Delhi Distribution,2873,366,$115.89
PANTS-23113,Running Sneakers - 32x32,Regional Depot North,5594,276,$132.06
TSHIRT-71462,Beanie Hat - 34x32,South Fulfillment Center,4511,568,$16.69
SKU-AP-35312,Hoodie - US 10,Surat Central Warehouse,6664,619,$132.70
PANTS-29558,Beanie Hat - Extra Large (XL),Mumbai Hub,2721,812,$41.44
SKU-AP-70384,Sweater - Large (L),Surat Central Warehouse,4835,261,$49.45
SHOE-48490,Hoodie - Small (S),Mumbai Hub,4173,206,$56.84
JCKT-11103,Slim Fit Jeans - 34x32,Surat Central Warehouse,5974,776,$3.18
SHOE-96751,Polo Shirt - 32x32,Mumbai Hub,5955,384,$63.08
SKU-AP-56481,Socks - Small (S),Delhi Distribution,365,893,$10.94
SHOE-84198,Polo Shirt - US 10,South Fulfillment Center,7156,136,$64.99
TSHIRT-20796,Polo Shirt - Extra Large (XL),Delhi Distribution,9683,320,$72.51
PANTS-89762,Slim Fit Jeans - Small (S),South Fulfillment Center,3380,536,$22.18
SHOE-97835,Slim Fit Jeans - US 10,Delhi Distribution,699,929,$61.41
SHOE-14474,Cotton T-Shirt - US 10,Surat Central Warehouse,8891,599,$22.75
SKU-AP-63870,Polo Shirt - 32x32,Mumbai Hub,9572,657,$129.13
SKU-AP-89595,Running Sneakers - Small (S),Regional Depot North,7775,866,$123.25
TSHIRT-76618,Athletic Shorts - Small (S),South Fulfillment Center,1342,746,$76.25
TSHIRT-59349,Slim Fit Jeans - One Size,Mumbai Hub,4285,477,$35.62
SHOE-10587,Sweater - Extra Large (XL),Surat Central Warehouse,7096,83,$135.04
SKU-AP-74310,Beanie Hat - US 11,Surat Central Warehouse,6168,308,$27.11
JCKT-96588,Beanie Hat - Medium (M),South Fulfillment Center,91,801,$23.88
SKU-AP-33573,Cotton T-Shirt - US 10,South Fulfillment Center,8631,99,$100.07
TSHIRT-35079,Running Sneakers - 34x32,Mumbai Hub,9071,577,$86.95
PANTS-43542,Polo Shirt - 34x32,Delhi Distribution,5307,602,$121.97
PANTS-29248,Running Sneakers - US 11,Delhi Distribution,7402,383,$31.35
SKU-AP-74023,Polo Shirt - US 9,Regional Depot North,3132,572,$78.40
SHOE-29158,Puffer Jacket - Extra Large (XL),Surat Central Warehouse,2575,187,$22.23
PANTS-8096,Sweater - US 9,Surat Central Warehouse,1173,446,$109.65
SKU-AP-62407,Sweater - Medium (M),Regional Depot North,7713,436,$6.73
JCKT-11908,Beanie Hat - 32x32,Surat Central Warehouse,8344,935,$2.70
SHOE-84177,Sweater - Medium (M),Delhi Distribution,7532,982,$113.45
PANTS-75733,Beanie Hat - 34x32,Mumbai Hub,8209,92,$17.23
TSHIRT-99250,Athletic Shorts - Small (S),South Fulfillment Center,3282,880,$123.03
SHOE-32615,Cotton T-Shirt - Small (S),South Fulfillment Center,5421,372,$131.15
JCKT-64024,Cotton T-Shirt - US 11,Mumbai Hub,7772,593,$102.29
SKU-AP-65232,Running Sneakers - Medium (M),Regional Depot North,9247,791,$8.58
TSHIRT-9732,Puffer Jacket - US 11,Delhi Distribution,5190,341,$113.46
SKU-AP-63617,Cotton T-Shirt - US 9,South Fulfillment Center,3728,596,$39.05
TSHIRT-46375,Hoodie - US 11,Delhi Distribution,2879,949,$4.28
PANTS-30543,Running Sneakers - Medium (M),Regional Depot North,3953,480,$19.93
TSHIRT-29461,Athletic Shorts - Extra Large (XL),Delhi Distribution,4964,179,$66.15
TSHIRT-95985,Sweater - US 10,Surat Central Warehouse,6787,905,$114.58
SHOE-99680,Slim Fit Jeans - Small (S),Surat Central Warehouse,5218,919,$20.17
TSHIRT-85368,Sweater - 34x32,Regional Depot North,716,563,$13.19
SKU-AP-11587,Socks - Small (S),Mumbai Hub,7411,293,$6.14
TSHIRT-65251,Slim Fit Jeans - 32x32,Surat Central Warehouse,7764,567,$22.58
TSHIRT-81594,Running Sneakers - 34x32,Regional Depot North,7065,439,$44.45
JCKT-63682,Socks - US 10,Delhi Distribution,6730,459,$130.70
JCKT-93816,Running Sneakers - Extra Large (XL),Mumbai Hub,5875,965,$56.02
SHOE-87242,Sweater - 34x32,Regional Depot North,297,967,$49.91
TSHIRT-84481,Puffer Jacket - Large (L),Regional Depot North,4391,53,$84.70
JCKT-85100,Running Sneakers - Medium (M),South Fulfillment Center,794,875,$65.94
TSHIRT-52969,Running Sneakers - Medium (M),Regional Depot North,1178,830,$55.04
PANTS-26956,Slim Fit Jeans - 32x32,Surat Central Warehouse,5299,795,$79.27
TSHIRT-31128,Beanie Hat - 34x32,Mumbai Hub,3308,945,$131.63
JCKT-40663,Running Sneakers - Extra Large (XL),Surat Central Warehouse,7480,235,$47.18
SKU-AP-47452,Socks - US 9,South Fulfillment Center,4329,154,$82.95
PANTS-6580,Sweater - One Size,South Fulfillment Center,456,271,$64.01
SKU-AP-79914,Beanie Hat - US 11,Delhi Distribution,1712,892,$72.14
JCKT-28972,Hoodie - One Size,Mumbai Hub,3652,380,$131.68
PANTS-49379,Athletic Shorts - US 11,Surat Central Warehouse,164,342,$85.33
SKU-AP-5371,Hoodie - 34x32,South Fulfillment Center,3528,299,$117.92
JCKT-89624,Slim Fit Jeans - Large (L),South Fulfillment Center,8073,469,$43.92
SKU-AP-13023,Slim Fit Jeans - US 10,Regional Depot North,9919,63,$117.13
SKU-AP-97065,Running Sneakers - US 10,Delhi Distribution,2377,771,$147.72
PANTS-2443,Polo Shirt - 32x32,Delhi Distribution,3155,334,$115.78
TSHIRT-59821,Running Sneakers - US 11,Delhi Distribution,6242,580,$86.66
TSHIRT-32234,Cotton T-Shirt - Extra Large (XL),Mumbai Hub,9919,909,$101.23
JCKT-71976,Socks - US 10,Delhi Distribution,9797,157,$51.75
SKU-AP-82616,Socks - US 10,Mumbai Hub,7525,243,$118.17
JCKT-98749,Beanie Hat - Small (S),Delhi Distribution,6329,455,$77.89
SKU-AP-4574,Polo Shirt - US 11,South Fulfillment Center,1806,942,$107.66
PANTS-55197,Beanie Hat - US 11,South Fulfillment Center,9766,621,$41.04
PANTS-71043,Socks - 34x32,Delhi Distribution,440,900,$34.00
TSHIRT-78487,Puffer Jacket - Extra Large (XL),Delhi Distribution,2221,145,$140.20
SKU-AP-37362,Sweater - Medium (M),Regional Depot North,6801,879,$14.97
JCKT-85687,Socks - US 11,Surat Central Warehouse,3451,410,$32.82
SHOE-91804,Puffer Jacket - US 11,Delhi Distribution,8672,148,$73.49
JCKT-19231,Polo Shirt - 32x32,Regional Depot North,8225,499,$145.76
JCKT-48543,Hoodie - Extra Large (XL),South Fulfillment Center,2762,960,$145.39
PANTS-54088,Running Sneakers - 32x32,South Fulfillment Center,9922,218,$106.84
JCKT-70358,Athletic Shorts - US 11,Regional Depot North,1489,354,$91.24
JCKT-12812,Beanie Hat - Medium (M),Delhi Distribution,9716,339,$135.48
TSHIRT-41344,Slim Fit Jeans - Small (S),Surat Central Warehouse,1806,274,$16.84
SHOE-43210,Beanie Hat - US 9,Delhi Distribution,752,198,$71.57
SHOE-66584,Running Sneakers - Small (S),Regional Depot North,8577,127,$117.58
SHOE-29268,Slim Fit Jeans - US 10,Surat Central Warehouse,1583,873,$63.31
PANTS-57825,Running Sneakers - Extra Large (XL),Regional Depot North,8645,74,$43.09
PANTS-74260,Hoodie - US 9,Surat Central Warehouse,897,861,$69.06
JCKT-60376,Running Sneakers - Small (S),South Fulfillment Center,2364,806,$8.34
TSHIRT-87918,Beanie Hat - One Size,Regional Depot North,4365,569,$97.55
SHOE-85804,Beanie Hat - US 9,Surat Central Warehouse,4295,769,$56.54
TSHIRT-10496,Sweater - Small (S),Regional Depot North,3943,60,$8.46
TSHIRT-29818,Running Sneakers - Extra Large (XL),Regional Depot North,7947,779,$119.98
PANTS-63354,Running Sneakers - Small (S),Surat Central Warehouse,8600,939,$77.68
SKU-AP-30201,Hoodie - One Size,Delhi Distribution,4313,156,$92.03
SKU-AP-68374,Cotton T-Shirt - Small (S),South Fulfillment Center,1580,978,$78.91
PANTS-32620,Slim Fit Jeans - 34x32,Surat Central Warehouse,367,851,$109.75
JCKT-49143,Beanie Hat - 32x32,Regional Depot North,5037,574,$53.26
SHOE-73293,Sweater - US 10,South Fulfillment Center,6357,482,$27.89
PANTS-5029,Slim Fit Jeans - 32x32,Mumbai Hub,1309,246,$140.94
PANTS-22946,Puffer Jacket - 34x32,Regional Depot North,9972,826,$138.35
TSHIRT-5395,Puffer Jacket - Extra Large (XL),Delhi Distribution,8161,453,$48.91
SKU-AP-28841,Running Sneakers - Large (L),Delhi Distribution,9141,363,$132.18
SHOE-64106,Athletic Shorts - US 11,Surat Central Warehouse,7773,398,$44.82
SHOE-57174,Hoodie - 34x32,South Fulfillment Center,3626,658,$63.69
PANTS-49454,Beanie Hat - One Size,South Fulfillment Center,2730,879,$141.13
SKU-AP-98032,Puffer Jacket - US 11,South Fulfillment Center,8858,252,$90.33
TSHIRT-10401,Slim Fit Jeans - Extra Large (XL),Surat Central Warehouse,4578,926,$20.17
TSHIRT-67279,Socks - Large (L),Delhi Distribution,5565,539,$56.99
TSHIRT-72367,Socks - US 11,South Fulfillment Center,2946,478,$149.36
TSHIRT-25043,Athletic Shorts - Large (L),Surat Central Warehouse,3797,501,$33.69
TSHIRT-42064,Puffer Jacket - US 9,Mumbai Hub,9954,485,$73.62
PANTS-71591,Socks - US 9,Delhi Distribution,9271,637,$144.37
SKU-AP-62716,Athletic Shorts - Medium (M),Delhi Distribution,4367,115,$140.75
SKU-AP-70548,Hoodie - US 9,Surat Central Warehouse,3226,963,$41.09
TSHIRT-26574,Puffer Jacket - Large (L),Surat Central Warehouse,672,595,$68.33
SKU-AP-87297,Puffer Jacket - US 10,Surat Central Warehouse,1999,515,$122.60
TSHIRT-88968,Beanie Hat - 34x32,Surat Central Warehouse,3881,310,$4.63
SHOE-58393,Polo Shirt - US 9,Regional Depot North,7068,458,$77.02
JCKT-90988,Polo Shirt - One Size,South Fulfillment Center,4032,628,$31.13
PANTS-46280,Socks - 34x32,Delhi Distribution,9749,227,$80.32
TSHIRT-2493,Running Sneakers - US 10,South Fulfillment Center,3645,169,$61.25
PANTS-27114,Hoodie - 34x32,Delhi Distribution,696,672,$136.11
TSHIRT-81244,Polo Shirt - Extra Large (XL),Regional Depot North,9476,414,$56.07
SKU-AP-75021,Slim Fit Jeans - One Size,Regional Depot North,2378,712,$124.49
JCKT-56754,Polo Shirt - US 9,South Fulfillment Center,2663,728,$10.28
JCKT-18334,Slim Fit Jeans - 32x32,South Fulfillment Center,766,241,$132.38
SHOE-91027,Athletic Shorts - US 9,South Fulfillment Center,5219,996,$132.80
PANTS-30946,Hoodie - Large (L),Delhi Distribution,4005,337,$81.25
SKU-AP-47783,Socks - One Size,South Fulfillment Center,1567,710,$40.08
SHOE-64916,Beanie Hat - US 10,Delhi Distribution,1352,779,$134.42
JCKT-35188,Beanie Hat - US 9,South Fulfillment Center,5283,622,$81.33
SKU-AP-21163,Sweater - Small (S),South Fulfillment Center,9789,601,$6.40
JCKT-35204,Slim Fit Jeans - US 9,Mumbai Hub,154,751,$36.16
PANTS-71512,Sweater - US 10,South Fulfillment Center,4119,178,$130.33
JCKT-85192,Beanie Hat - Medium (M),Delhi Distribution,3296,473,$15.01
SKU-AP-31559,Puffer Jacket - One Size,Mumbai Hub,7302,431,$123.57
SHOE-66302,Hoodie - 32x32,Mumbai Hub,6065,631,$63.67
SHOE-89334,Socks - Small (S),Delhi Distribution,2086,878,$73.62
PANTS-73089,Socks - One Size,Mumbai Hub,8355,822,$22.31
PANTS-6475,Sweater - Extra Large (XL),Surat Central Warehouse,3757,158,$109.09
TSHIRT-47013,Athletic Shorts - US 10,South Fulfillment Center,5909,67,$129.33
TSHIRT-88506,Sweater - One Size,Regional Depot North,5132,800,$76.18
JCKT-27233,Socks - Extra Large (XL),South Fulfillment Center,2820,499,$53.31
TSHIRT-85089,Hoodie - 34x32,Regional Depot North,8846,242,$134.39
JCKT-66173,Puffer Jacket - Small (S),Delhi Distribution,2110,326,$56.71
SKU-AP-34052,Slim Fit Jeans - US 10,Delhi Distribution,4487,107,$55.44
PANTS-15504,Beanie Hat - Large (L),South Fulfillment Center,2461,583,$112.60
JCKT-65284,Puffer Jacket - US 10,Delhi Distribution,3012,410,$62.45
SHOE-13507,Polo Shirt - One Size,Delhi Distribution,645,849,$58.37
TSHIRT-72155,Polo Shirt - Small (S),Delhi Distribution,8888,644,$99.86
SHOE-94874,Slim Fit Jeans - 34x32,Surat Central Warehouse,828,467,$96.09
SHOE-85551,Slim Fit Jeans - 32x32,Mumbai Hub,8255,360,$30.12
PANTS-32735,Sweater - Medium (M),Regional Depot North,6200,416,$31.29
TSHIRT-68172,Slim Fit Jeans - US 10,South Fulfillment Center,4520,242,$62.73
SHOE-16894,Polo Shirt - Large (L),Surat Central Warehouse,2542,128,$103.25
SHOE-52389,Cotton T-Shirt - 34x32,Mumbai Hub,6443,495,$19.01
JCKT-79949,Beanie Hat - Small (S),Delhi Distribution,1185,393,$129.18
TSHIRT-49705,Sweater - US 9,Surat Central Warehouse,7308,567,$128.03
SHOE-1178,Cotton T-Shirt - 34x32,Surat Central Warehouse,8223,307,$67.23
JCKT-39577,Beanie Hat - US 10,South Fulfillment Center,3932,229,$63.74
PANTS-13911,Socks - Small (S),Regional Depot North,3479,317,$149.92
SKU-AP-77294,Slim Fit Jeans - 34x32,South Fulfillment Center,7566,615,$102.95
SKU-AP-40387,Cotton T-Shirt - US 11,Surat Central Warehouse,4148,545,$91.50
PANTS-96806,Socks - Extra Large (XL),Mumbai Hub,6989,885,$141.21
PANTS-45739,Puffer Jacket - US 10,Surat Central Warehouse,4257,898,$130.97
SHOE-42029,Slim Fit Jeans - US 11,Mumbai Hub,8568,808,$118.68
JCKT-73137,Hoodie - US 10,Surat Central Warehouse,1862,872,$70.04
SHOE-81651,Socks - Small (S),Surat Central Warehouse,5136,804,$3.93
SKU-AP-39412,Puffer Jacket - 34x32,Regional Depot North,3558,493,$66.11
JCKT-18711,Hoodie - Extra Large (XL),Regional Depot North,5983,763,$126.19
PANTS-63710,Socks - US 10,Delhi Distribution,9724,313,$66.08
JCKT-27076,Beanie Hat - Medium (M),Delhi Distribution,1365,660,$69.94
JCKT-22954,Puffer Jacket - Extra Large (XL),Regional Depot North,290,281,$35.22
TSHIRT-7326,Puffer Jacket - Extra Large (XL),South Fulfillment Center,3680,100,$14.74
PANTS-5395,Running Sneakers - US 9,Regional Depot North,8117,328,$90.43
PANTS-52092,Slim Fit Jeans - US 10,South Fulfillment Center,7003,214,$81.21
SKU-AP-24855,Athletic Shorts - Small (S),Surat Central Warehouse,444,429,$26.08
JCKT-53287,Polo Shirt - One Size,Mumbai Hub,2955,487,$96.92
JCKT-58671,Socks - US 11,Mumbai Hub,8731,361,$14.70
JCKT-14641,Polo Shirt - US 10,South Fulfillment Center,4284,671,$86.06
TSHIRT-56224,Slim Fit Jeans - 32x32,Delhi Distribution,3738,263,$59.66
TSHIRT-61322,Athletic Shorts - Small (S),South Fulfillment Center,1442,417,$15.49
SKU-AP-73682,Hoodie - Medium (M),Mumbai Hub,2106,250,$40.97
PANTS-20133,Puffer Jacket - One Size,Regional Depot North,6773,233,$144.01
PANTS-43748,Hoodie - US 9,Regional Depot North,5881,173,$24.47
TSHIRT-14954,Cotton T-Shirt - Medium (M),South Fulfillment Center,4403,135,$112.63
SHOE-7825,Puffer Jacket - US 11,Surat Central Warehouse,9854,831,$13.10
JCKT-41447,Polo Shirt - Large (L),Surat Central Warehouse,7944,102,$80.76
SHOE-14560,Beanie Hat - US 10,South Fulfillment Center,6601,800,$59.50
JCKT-25435,Slim Fit Jeans - US 10,Surat Central Warehouse,758,598,$42.22
JCKT-20182,Beanie Hat - US 9,South Fulfillment Center,6687,632,$7.78
PANTS-69366,Cotton T-Shirt - US 10,Mumbai Hub,4576,764,$45.97
JCKT-65486,Cotton T-Shirt - Small (S),South Fulfillment Center,8048,348,$41.99
PANTS-82744,Athletic Shorts - One Size,Surat Central Warehouse,2293,912,$55.40
SHOE-54658,Socks - Small (S),Surat Central Warehouse,5882,156,$85.39
JCKT-39331,Socks - Medium (M),Regional Depot North,331,378,$124.00
SHOE-12088,Puffer Jacket - Medium (M),Regional Depot North,3048,53,$74.35
SHOE-5132,Sweater - US 10,Surat Central Warehouse,7619,322,$8.26
PANTS-70278,Polo Shirt - US 11,Delhi Distribution,349,540,$123.36
JCKT-51750,Socks - One Size,South Fulfillment Center,8886,842,$6.15
PANTS-15292,Athletic Shorts - Small (S),Delhi Distribution,480,60,$55.59
PANTS-20237,Athletic Shorts - One Size,Delhi Distribution,8776,343,$148.65
TSHIRT-9938,Hoodie - US 11,Mumbai Hub,3305,399,$135.43
JCKT-71900,Cotton T-Shirt - Medium (M),Delhi Distribution,6550,707,$140.04
SHOE-48279,Socks - Extra Large (XL),South Fulfillment Center,1400,758,$96.93
TSHIRT-83396,Sweater - One Size,Regional Depot North,1690,157,$123.74
JCKT-49219,Sweater - US 9,Mumbai Hub,1852,854,$146.97
SKU-AP-9145,Cotton T-Shirt - 34x32,Regional Depot North,7423,502,$80.93
PANTS-8319,Cotton T-Shirt - One Size,Surat Central Warehouse,9320,396,$70.52
PANTS-32551,Cotton T-Shirt - 32x32,Delhi Distribution,487,360,$106.93
TSHIRT-43617,Socks - US 10,South Fulfillment Center,4224,139,$104.35
SKU-AP-30215,Hoodie - 34x32,Delhi Distribution,6627,650,$49.59
TSHIRT-13641,Socks - US 9,Regional Depot North,3169,631,$132.17
JCKT-37206,Socks - One Size,Mumbai Hub,268,496,$16.61
PANTS-72588,Athletic Shorts - 34x32,Surat Central Warehouse,1521,886,$24.09
TSHIRT-78747,Hoodie - 32x32,Surat Central Warehouse,2208,388,$45.88
SHOE-20461,Beanie Hat - US 10,Surat Central Warehouse,1160,791,$53.68
SKU-AP-66978,Polo Shirt - 34x32,Delhi Distribution,8966,866,$99.90
SHOE-50819,Polo Shirt - One Size,Regional Depot North,3455,587,$19.11
JCKT-30451,Puffer Jacket - 32x32,Regional Depot North,2674,999,$83.64
JCKT-1263,Hoodie - 32x32,Regional Depot North,5335,518,$66.53
SKU-AP-99763,Sweater - US 10,Regional Depot North,3751,851,$89.89
SKU-AP-25707,Beanie Hat - US 11,South Fulfillment Center,1600,132,$33.76
TSHIRT-42948,Polo Shirt - Medium (M),Delhi Distribution,5675,557,$91.98
SHOE-44169,Cotton T-Shirt - Small (S),Mumbai Hub,3306,907,$28.69
SKU-AP-5766,Beanie Hat - 34x32,Surat Central Warehouse,7218,727,$69.51
PANTS-71995,Athletic Shorts - 34x32,Surat Central Warehouse,2125,461,$134.05
SKU-AP-38978,Athletic Shorts - US 11,Delhi Distribution,4265,508,$43.98
TSHIRT-35699,Beanie Hat - Extra Large (XL),Surat Central Warehouse,4220,369,$149.30
SKU-AP-29779,Running Sneakers - One Size,Surat Central Warehouse,5500,766,$62.30
PANTS-13336,Sweater - 34x32,Surat Central Warehouse,1594,880,$82.55
SKU-AP-32497,Socks - US 9,Regional Depot North,9353,156,$37.65
SKU-AP-77667,Slim Fit Jeans - Small (S),South Fulfillment Center,480,415,$101.51
SHOE-7808,Puffer Jacket - Extra Large (XL),Delhi Distribution,777,239,$106.26
JCKT-26769,Socks - Medium (M),South Fulfillment Center,5351,808,$109.33
TSHIRT-93212,Sweater - Small (S),Delhi Distribution,555,785,$54.99
TSHIRT-72135,Running Sneakers - One Size,Regional Depot North,5232,229,$41.09
TSHIRT-5623,Slim Fit Jeans - US 9,Regional Depot North,5436,92,$21.18
TSHIRT-63263,Polo Shirt - 32x32,South Fulfillment Center,6920,105,$87.48
TSHIRT-63619,Puffer Jacket - 32x32,Regional Depot North,6235,767,$120.55
PANTS-26907,Sweater - One Size,Surat Central Warehouse,6083,818,$26.73
TSHIRT-8420,Sweater - 32x32,Mumbai Hub,3760,680,$115.82
TSHIRT-1304,Beanie Hat - Medium (M),Mumbai Hub,1746,653,$110.02
TSHIRT-93396,Sweater - Medium (M),South Fulfillment Center,4305,273,$126.91
SHOE-34989,Puffer Jacket - Extra Large (XL),Mumbai Hub,3491,419,$97.31
TSHIRT-28853,Slim Fit Jeans - One Size,Regional Depot North,5848,580,$140.02
PANTS-47247,Cotton T-Shirt - Extra Large (XL),Surat Central Warehouse,5857,538,$28.49
SHOE-16647,Slim Fit Jeans - 32x32,Regional Depot North,2461,557,$33.13
TSHIRT-47134,Sweater - Large (L),Delhi Distribution,5886,892,$117.45
JCKT-38802,Cotton T-Shirt - One Size,South Fulfillment Center,2437,699,$84.39
PANTS-76647,Cotton T-Shirt - 34x32,Delhi Distribution,1679,158,$14.86
JCKT-26166,Cotton T-Shirt - US 11,South Fulfillment Center,8632,913,$47.24
JCKT-7017,Hoodie - Extra Large (XL),Delhi Distribution,6326,682,$144.19
SHOE-82307,Athletic Shorts - One Size,Mumbai Hub,5616,679,$124.97
JCKT-9509,Beanie Hat - One Size,Mumbai Hub,5042,855,$70.04
PANTS-65360,Beanie Hat - Extra Large (XL),South Fulfillment Center,1928,224,$73.43
SKU-AP-59622,Slim Fit Jeans - Medium (M),Surat Central Warehouse,8353,767,$102.20
SKU-AP-36151,Beanie Hat - Small (S),Surat Central Warehouse,9586,930,$141.90
TSHIRT-14802,Polo Shirt - Medium (M),Regional Depot North,3214,408,$146.59
SHOE-25510,Puffer Jacket - Medium (M),Regional Depot North,9602,893,$20.18
SKU-AP-84276,Sweater - US 11,Delhi Distribution,3641,466,$19.94
PANTS-43405,Sweater - One Size,Surat Central Warehouse,8127,65,$41.32
SHOE-18886,Sweater - Small (S),Delhi Distribution,9804,413,$15.90
SKU-AP-14975,Sweater - 32x32,Surat Central Warehouse,9691,620,$145.62
JCKT-83881,Socks - US 11,Surat Central Warehouse,7089,708,$3.79
TSHIRT-51755,Slim Fit Jeans - One Size,Regional Depot North,5694,577,$52.85
SKU-AP-60639,Slim Fit Jeans - 32x32,South Fulfillment Center,8907,163,$106.65
SKU-AP-75074,Puffer Jacket - One Size,Surat Central Warehouse,2987,798,$110.09
PANTS-60594,Slim Fit Jeans - Extra Large (XL),Regional Depot North,8172,535,$107.83
PANTS-40070,Hoodie - Small (S),South Fulfillment Center,1947,684,$8.61
JCKT-59946,Cotton T-Shirt - 32x32,Surat Central Warehouse,9298,754,$107.25
SKU-AP-82516,Slim Fit Jeans - US 11,Surat Central Warehouse,6653,369,$26.49
PANTS-81474,Running Sneakers - Large (L),South Fulfillment Center,1104,444,$64.09
TSHIRT-64644,Cotton T-Shirt - One Size,Mumbai Hub,5477,182,$79.33
PANTS-34263,Slim Fit Jeans - 32x32,Delhi Distribution,766,500,$17.76
PANTS-8392,Socks - One Size,Surat Central Warehouse,2071,705,$30.58
PANTS-18833,Beanie Hat - Medium (M),Regional Depot North,7286,980,$106.99
SHOE-53659,Sweater - One Size,Regional Depot North,6064,352,$101.58
JCKT-52340,Cotton T-Shirt - Extra Large (XL),Delhi Distribution,1708,925,$30.89
SHOE-35895,Hoodie - One Size,Delhi Distribution,2269,778,$75.27
JCKT-93870,Beanie Hat - 32x32,Mumbai Hub,2188,421,$5.06
SHOE-62932,Running Sneakers - US 9,Surat Central Warehouse,469,193,$125.03
SHOE-70540,Socks - US 10,South Fulfillment Center,9615,601,$97.56
SKU-AP-43656,Athletic Shorts - Extra Large (XL),Surat Central Warehouse,5452,77,$7.97
SKU-AP-68357,Running Sneakers - 32x32,Delhi Distribution,6335,608,$99.84
JCKT-96285,Socks - Medium (M),South Fulfillment Center,5269,937,$26.39
SKU-AP-92009,Athletic Shorts - 32x32,Surat Central Warehouse,5871,536,$88.89
SHOE-55538,Running Sneakers - One Size,Surat Central Warehouse,2497,103,$101.42
PANTS-72131,Hoodie - Small (S),Regional Depot North,9756,722,$109.33
JCKT-29696,Puffer Jacket - One Size,Regional Depot North,1372,974,$31.01
PANTS-64294,Polo Shirt - Large (L),Surat Central Warehouse,3936,396,$6.70
PANTS-53455,Socks - Extra Large (XL),Mumbai Hub,4001,119,$102.11
SKU-AP-15033,Hoodie - US 10,Surat Central Warehouse,1390,898,$72.36
SKU-AP-26010,Socks - 32x32,South Fulfillment Center,3338,78,$79.55
TSHIRT-81344,Hoodie - Medium (M),Regional Depot North,3522,603,$79.34
TSHIRT-11915,Cotton T-Shirt - US 10,Surat Central Warehouse,9785,724,$73.19
SKU-AP-96204,Slim Fit Jeans - US 9,Surat Central Warehouse,5861,433,$12.74
SKU-AP-40515,Athletic Shorts - One Size,Delhi Distribution,8322,659,$26.79
TSHIRT-37010,Slim Fit Jeans - Extra Large (XL),South Fulfillment Center,1706,551,$149.99
SHOE-55155,Slim Fit Jeans - Small (S),South Fulfillment Center,610,662,$92.26
SKU-AP-93719,Hoodie - Small (S),Surat Central Warehouse,2111,113,$96.83
SHOE-60559,Puffer Jacket - Medium (M),Surat Central Warehouse,9348,744,$76.02
SKU-AP-96877,Athletic Shorts - US 9,Surat Central Warehouse,4847,154,$16.17
TSHIRT-1791,Hoodie - 34x32,Mumbai Hub,1110,365,$5.48
SHOE-90520,Slim Fit Jeans - Extra Large (XL),Delhi Distribution,1920,753,$51.93
SKU-AP-45220,Hoodie - Medium (M),Regional Depot North,2248,125,$4.23
JCKT-2039,Hoodie - 32x32,Delhi Distribution,6188,829,$144.08
PANTS-56681,Cotton T-Shirt - One Size,South Fulfillment Center,2209,51,$104.97
SKU-AP-95406,Hoodie - US 9,South Fulfillment Center,8901,717,$59.01
PANTS-37089,Slim Fit Jeans - US 9,South Fulfillment Center,8645,476,$98.30
SHOE-60663,Sweater - Large (L),Regional Depot North,4438,905,$124.23
